Date,Price 2 Days Prior,Price 1 Day Prior,Price Today,Price Tomorrow,Price Change Tomorrow,Price Change Ten,Std Dev 10,Twenty Moving Average,Fifty Day Moving Average,200 Day Moving Average,Monthly Inflation Rate,EFFR Rate,Volume ,Treasury Par Yield Month,Treasury Par Yield Two Year,Treasury Par Yield Curve Rates (10 Yr),DXY,SP Open,VIX,Crude
8/7/24,2405.87,2384.9,2385.83,,,,30.15507763,2414.745,2368.2948,2189.8078,3,5.33,96,5.5,4,3.96,103.37,5293.13,24.77,72.84
8/6/24,2442.74,2405.87,2384.9,2385.83,0.93,,29.42393623,2414.1525,2367.7916,2187.8563,3,5.33,89,5.5,3.99,3.9,102.78,5206.42,33.71,73.86
8/5/24,2447.17,2442.74,2405.87,2384.9,-20.97,,28.34130125,2413.2305,2367.1584,2185.96345,3,5.33,86,5.52,3.89,3.78,103.22,5151.14,23.39,74.21
8/2/24,2447.23,2447.17,2442.74,2405.87,-36.87,,28.61666082,2411.092,2365.725,2183.8564,3,5.33,89,5.54,3.88,3.8,104.31,5376.63,20.52,76.87
8/1/24,2411.09,2447.23,2447.17,2442.74,-4.43,,26.08479583,2408.567,2363.5624,2181.55785,3,5.33,83,5.55,4.16,3.99,104.07,5537.84,16.2,78.59
7/31/24,2382.47,2411.09,2447.23,2447.17,-0.06,,25.3071923,2404.103,2362.2836,2179.18645,3,5.33,78,5.49,4.29,4.09,104.43,5505.59,16.66,75.24
7/30/24,2387.11,2382.47,2411.09,2447.23,36.14,,28.43180107,2399.7615,2361.7958,2176.81845,3,5.33,87,5.5,4.35,4.15,104.56,5478.73,16.64,75.91
7/29/24,2365.37,2387.11,2382.47,2411.09,28.62,,34.90863282,2395.79,2362.1302,2174.66915,3,5.33,90,5.5,4.36,4.17,104.33,5476.55,16.59,77.3
7/26/24,2400.12,2365.37,2387.11,2382.47,-4.64,,33.47269104,2393.3445,2362.7596,2172.64085,3,5.33,85,5.49,4.36,4.2,104.36,5433.67,17.97,78.35
7/25/24,2409.86,2400.12,2365.37,2387.11,21.74,,31.99188406,2390.3255,2362.6238,2170.45925,3,5.33,88,5.49,4.41,4.27,104.38,5428.7,18.41,77.5
7/24/24,2397.05,2409.86,2400.12,2365.37,-34.75,-14.29,26.1204823,2387.02,2363.0558,2168.25615,3,5.33,86,5.5,4.37,4.28,104.48,5505.84,15.35,77.45
7/23/24,2400.95,2397.05,2409.86,2400.12,-9.74,-24.96,29.77400014,2383.0825,2362.228,2165.8525,3,5.33,85,5.49,4.4,4.25,104.31,5565.3,15.21,78.27
7/22/24,2442.71,2400.95,2397.05,2409.86,12.81,8.82,34.37008092,2379.1965,2360.8238,2163.4646,3,5.33,84,5.49,4.5,4.26,104.37,5544.54,16.79,80.39
7/19/24,2462.44,2442.71,2400.95,2397.05,-3.9,41.79,37.9965753,2375.3835,2360.0924,2160.83315,3,5.33,79,5.48,4.49,4.25,104.16,5543.37,16.44,82.47
7/18/24,2469.65,2462.44,2442.71,2400.95,-41.76,4.46,38.40527417,2373.409,2358.9954,2158.20535,3,5.33,83,5.48,4.46,4.2,103.7,5608.56,14.27,83.11
7/17/24,2423.87,2469.65,2462.44,2442.71,-19.73,-15.21,40.26242445,2367.805,2356.3498,2155.29055,3,5.33,80,5.47,4.42,4.16,104.22,5610.07,13.6,80.85
7/16/24,2411.71,2423.87,2469.65,2462.44,-7.21,-58.56,36.50768631,2361.1695,2353.4344,2152.2915,3,5.33,85,5.48,4.43,4.17,104.25,5644.09,13.38,81.92
7/15/24,2416.76,2411.71,2423.87,2469.65,45.78,-41.4,30.08468309,2353.7625,2350.5932,2149.1062,3,5.33,88,5.48,4.44,4.23,104.08,5638.16,12.78,82.16
7/12/24,2373.98,2416.76,2411.71,2423.87,12.16,-24.6,28.92027516,2349.22,2348.1672,2146.0936,3,5.33,88,5.47,4.45,4.18,104.52,5590.76,12.87,82.86
7/11/24,2366.46,2373.98,2416.76,2411.71,-5.05,-51.39,28.02724579,2343.7975,2346.0304,2143.14875,3,5.33,90,5.48,4.5,4.2,104.99,5635.21,12.88,82.4
7/10/24,2363.1,2366.46,2373.98,2416.76,42.78,26.14,27.26840573,2339.071,2344.1486,2140.18255,3,5.33,88,5.46,4.62,4.28,105.12,5591.26,12.51,81.81
7/9/24,2392.24,2363.1,2366.46,2373.98,7.52,43.4,27.31606164,2336.1935,2342.6,2137.43795,3,5.33,84,5.45,4.62,4.3,104.99,5584.24,12.48,82.22
7/8/24,2357.89,2392.24,2363.1,2366.46,3.36,33.95,26.50134934,2333.427,2341.96,2134.84975,3,5.33,80,5.48,4.62,4.28,104.88,5572.75,12.91,83.15
7/5/24,2360.4,2357.89,2392.24,2363.1,-29.14,8.71,26.10357966,2329.9645,2341.4568,2132.36785,3,5.33,89,5.48,4.6,4.28,105.17,5537.91,12.37,83.6
7/4/24,2331.66,2360.4,2357.89,2392.24,34.35,84.82,20.06059498,2329.1395,2340.228,2129.795,3,5.33,88,5.48,4.65,4.32,105.67,5507.44,12.13,83.2
7/3/24,2333.56,2331.66,2360.4,2357.89,-2.51,102.04,18.30858572,2328.9825,2339.3956,2127.51375,3,5.33,88,5.49,4.71,4.36,105.67,5507.44,12.13,83.2
7/2/24,2326.73,2333.56,2331.66,2360.4,28.74,137.99,15.3083086,2327.317,2338.6606,2125.2932,3,5.33,85,5.48,4.74,4.43,105.85,5461.84,12.67,83.43
7/1/24,2299.26,2326.73,2333.56,2331.66,-1.9,90.31,15.42869246,2328.1575,2338.7076,2123.262,3,5.33,85,5.48,4.77,4.48,105.85,5471.08,12.98,81.45
6/28/24,2321.37,2299.26,2326.73,2333.56,6.83,84.98,15.40690336,2327.8475,2339.8536,2121.20125,3,5.33,67,5.47,4.71,4.36,105.92,5488.48,12.24,81.86
6/26/24,2332.14,2321.37,2299.26,2326.73,27.47,117.5,17.24320417,2328.7615,2340.9218,2119.21485,3,5.33,82,5.44,4.71,4.32,105.66,5460.71,12.81,80.72
6/25/24,2320.79,2332.14,2321.37,2299.26,-22.11,52.61,14.73375957,2330.728,2342.2948,2117.37575,3,5.33,85,5.43,4.65,4.23,105.51,5460.73,13.48,81.7
6/24/24,2361.46,2320.79,2332.14,2321.37,-10.77,34.32,15.04588168,2332.693,2343.5192,2115.4396,3,5.33,76,5.42,4.71,4.25,105.83,5459.58,13.85,80.45
6/21/24,2330.63,2361.46,2320.79,2332.14,11.35,42.31,15.71886584,2333.748,2344.5158,2113.3978,3,5.33,78,5.42,4.7,4.25,105.64,5466.77,13.22,81.27
6/20/24,2329.73,2330.63,2361.46,2320.79,-40.67,30.78,18.57354884,2334.4185,2344.9906,2111.3434,3,5.33,83,5.42,4.7,4.25,105.2,5499.99,12.5,81.52
6/19/24,2321.51,2329.73,2330.63,2361.46,30.83,27.26,22.12593403,2333.076,2345.2992,2109.08275,3,5.33,84,5.41,4.7,4.25,105.3,5476.15,12.7,80.43
6/18/24,2333.02,2321.51,2329.73,2330.63,0.9,30.67,24.17840186,2335.706,2345.3986,2106.99445,3,5.33,85,5.4,4.69,4.22,105.3,5476.15,12.7,80.43
6/17/24,2303.26,2333.02,2321.51,2329.73,8.22,10.15,24.14954679,2340.3615,2345.9012,2104.9542,3,5.33,83,5.45,4.75,4.28,105.51,5431.11,13.07,78.48
6/14/24,2322.23,2303.26,2333.02,2321.51,-11.51,0.54,25.09138898,2345.6765,2346.2498,2102.94235,3,5.33,87,5.47,4.67,4.2,105.23,5424.08,12.22,77.96
6/13/24,2316.43,2322.23,2303.26,2333.02,29.76,23.47,25.04432491,2349.7225,2346.188,2100.8783,3,5.33,99,5.47,4.68,4.24,104.69,5441.93,12.05,78.37
6/12/24,2311.13,2316.43,2322.23,2303.26,-18.97,-22.97,23.9103456,2353.5755,2345.9032,2098.9477,3,5.33,93,5.47,4.75,4.31,105.28,5409.13,13.1,78.22
6/11/24,2293.85,2311.13,2316.43,2322.23,5.8,4.94,23.71078414,2356.8125,2345.4108,2096.96975,3,5.33,95,5.46,4.81,4.39,105.15,5353,12.85,78.12
6/10/24,2375.74,2293.85,2311.13,2316.43,5.3,21.01,24.2227112,2358.9275,2344.6782,2095.07605,3,5.33,93,5.47,4.87,4.47,105.04,5341.22,13.09,75.35
6/7/24,2354.75,2375.74,2293.85,2311.13,17.28,26.94,22.58610834,2360.3535,2343.4372,2093.22105,3,5.33,100,5.47,4.87,4.43,104.09,5343.81,12.69,75.67
6/6/24,2327.09,2354.75,2375.74,2293.85,-81.89,-14.28,15.39228508,2363.685,2342.2152,2091.4522,3,5.33,105,5.48,4.72,4.28,104.25,5357.8,12.75,74.3
6/5/24,2348.47,2327.09,2354.75,2375.74,20.99,-24.12,11.7875447,2362.203,2338.5148,2089.295,3,5.33,105,5.48,4.72,4.29,104.17,5314.48,13.14,72.9
6/4/24,2327.36,2348.47,2327.09,2354.75,27.66,2.64,17.26920255,2359.987,2335.0142,2087.2025,3,5.33,100,5.48,4.77,4.33,104.05,5278.24,13.51,74.02
6/3/24,2345.01,2327.36,2348.47,2327.09,-21.38,-26.96,28.78699351,2359.466,2331.9344,2085.17305,3,5.33,93,5.49,4.82,4.41,104.63,5297.15,13.08,76.97
5/31/24,2338.59,2345.01,2327.36,2348.47,21.11,5.66,36.69034938,2358.422,2328.2778,2083.00515,3.3,5.33,99,5.48,4.89,4.51,104.76,5243.21,14.5,77.91
5/30/24,2360.67,2338.59,2345.01,2327.36,-17.65,-41.75,37.61345953,2357.1825,2325.3668,2080.9474,3.3,5.33,96,5.48,4.92,4.55,105.13,5259.77,14.82,79.28
5/29/24,2353.24,2360.67,2338.59,2345.01,6.42,-16.36,36.50025426,2355.1755,2322.5474,2078.8126,3.3,5.33,88,5.5,4.96,4.61,104.64,5278.73,13.75,80.26
5/28/24,2334.2,2353.24,2360.67,2338.59,-22.08,-44.24,34.28519151,2354.3795,2318.9188,2076.6126,3.3,5.33,88,5.5,4.94,4.54,104.58,5315.91,12.51,77.81
5/27/24,2334.61,2334.2,2353.24,2360.67,7.43,-42.11,34.41061672,2351.1735,2314.945,2074.28305,3.3,5.33,89,5.53,4.94,4.5,105.04,5281.45,12.86,77.04
5/24/24,2383.23,2334.61,2334.2,2353.24,19.04,-40.35,35.80688947,2350.2345,2311.0018,2071.96445,3.3,5.33,90,5.56,4.93,4.46,105.04,5281.45,12.86,77.04
5/23/24,2422.84,2383.23,2334.61,2334.2,-0.41,41.13,33.07660765,2350.4215,2307.5518,2069.7507,3.3,5.33,82,5.51,4.91,4.47,104.9,5340.26,11.53,77.29
5/22/24,2427.81,2422.84,2383.23,2334.61,-48.62,-28.48,31.45119113,2350.231,2304.3706,2067.5448,3.3,5.33,80,5.49,4.86,4.43,104.62,5319.28,12.05,78.21
5/21/24,2413.94,2427.81,2422.84,2383.23,-39.61,-95.75,38.72177683,2346.883,2299.8468,2065.13685,3.3,5.33,76,5.5,4.82,4.41,104.6,5298.69,12.3,79.7
5/20/24,2380.32,2413.94,2427.81,2422.84,-4.97,-79.34,38.61912537,2341.9235,2295.0642,2062.56065,3.3,5.33,75,5.5,4.82,4.44,104.5,5305.35,12.27,80.01
5/17/24,2386.97,2380.32,2413.94,2427.81,13.87,-86.58,32.82029718,2337.2335,2290.084,2059.99075,3.3,5.33,77,5.5,4.83,4.42,104.5,5303.1,12.28,79.38
5/16/24,2358.73,2386.97,2380.32,2413.94,33.62,-35.31,28.91762609,2336.0795,2285.0494,2057.48335,3.3,5.33,78,5.51,4.78,4.38,104.21,5310.07,12.52,78.84
5/15/24,2339.65,2358.73,2386.97,2380.32,-6.65,-48.38,27.90960018,2336.0705,2280.3944,2055.16565,3.3,5.33,78,5.49,4.73,4.36,105.05,5263.26,13.73,78.44
5/14/24,2360.48,2339.65,2358.73,2386.97,28.24,1.94,21.34484752,2335.1175,2275.2218,2052.85935,3.3,5.33,76,5.5,4.81,4.45,105.2,5221.1,13.71,79.23
5/13/24,2346.1,2360.48,2339.65,2358.73,19.08,13.59,20.76303435,2336.3105,2270.34,2050.7497,3.3,5.33,76,5.5,4.85,4.48,105.31,5233.08,13.26,78.18
5/10/24,2310.43,2346.1,2360.48,2339.65,-20.83,-26.28,20.35473161,2338.4265,2265.198,2048.76545,3.3,5.33,79,5.51,4.87,4.5,105.21,5225.49,12.77,79.59
5/9/24,2316.67,2310.43,2346.1,2360.48,14.38,-11.49,16.54011303,2337.629,2258.875,2046.6422,3.3,5.33,79,5.51,4.8,4.45,105.52,5189.03,13.08,79.23
5/8/24,2327.59,2316.67,2310.43,2346.1,35.67,72.8,14.42890636,2339.1685,2252.6488,2044.59225,3.3,5.33,77,5.51,4.84,4.48,105.42,5168.98,13.24,78.34
5/7/24,2302.57,2327.59,2316.67,2310.43,-6.24,106.17,14.18411901,2340.427,2247.0456,2042.8015,3.3,5.33,78,5.51,4.82,4.47,105.14,5187.2,13.52,78.72
5/6/24,2304.87,2302.57,2327.59,2316.67,-10.92,100.22,14.22626761,2342.3365,2241.3372,2041.0387,3.3,5.33,75,5.51,4.82,4.49,105.08,5142.42,13.98,78.16
5/3/24,2322.67,2304.87,2302.57,2327.59,25.02,111.37,14.75506501,2342.904,2235.4968,2039.197,3.3,5.33,82,5.51,4.81,4.5,105.31,5122.78,14.51,79.07
5/2/24,2296.55,2322.67,2304.87,2302.57,-2.3,75.45,25.45214673,2344.272,2229.9454,2037.4216,3.3,5.33,83,5.51,4.87,4.58,105.73,5049.32,15.14,79.15
5/1/24,2334.46,2296.55,2322.67,2304.87,-17.8,64.3,28.41259316,2343.4795,2224.3656,2035.7578,3.3,5.33,83,5.47,4.96,4.63,106.32,5029.03,15.75,81.48
4/30/24,2337.94,2334.46,2296.55,2322.67,26.12,62.18,29.50493309,2342.2265,2218.3976,2033.97165,3.4,5.33,82,5.48,5.04,4.69,105.67,5103.78,14.82,82.76
4/29/24,2330.8,2337.94,2334.46,2296.55,-37.91,5.19,27.49532972,2341.389,2212.7916,2032.2616,3.4,5.33,78,5.48,4.97,4.63,106.08,5114.13,15.37,83.69
4/26/24,2316.27,2330.8,2337.94,2334.46,-3.48,22.54,28.6197784,2337.12,2206.3624,2030.39855,3.4,5.33,94,5.48,4.96,4.67,105.58,5084.65,15.49,83.81
4/25/24,2323.65,2316.27,2330.8,2337.94,7.14,15.3,28.26687777,2331.8605,2199.6724,2028.56995,3.4,5.33,89,5.48,4.96,4.7,105.82,5019.88,16.25,82.83
4/24/24,2334.01,2323.65,2316.27,2330.8,14.53,-5.84,27.58237271,2324.8565,2192.9338,2026.8049,3.4,5.33,71,5.49,4.89,4.65,105.69,5084.86,15.76,83.4
4/23/24,2390.86,2334.01,2323.65,2316.27,-7.38,-6.98,24.71465973,2318.029,2186.4374,2025.11145,3.4,5.33,74,5.49,4.86,4.61,106.12,5028.85,16.72,82.13
4/22/24,2380.14,2390.86,2334.01,2323.65,-10.36,-6.42,21.06004126,2310.5015,2180.3432,2023.2707,3.4,5.33,79,5.49,4.97,4.62,106.12,4987.33,18.59,83.05
4/19/24,2367.91,2380.14,2390.86,2334.01,-56.85,-88.29,20.29962257,2302.083,2174.153,2021.3793,3.4,5.33,85,5.49,4.97,4.62,106.19,5005.44,21.33,82.62
4/18/24,2382.59,2367.91,2380.14,2390.86,10.72,-75.27,20.95197906,2291.6305,2167.02,2019.2251,3.4,5.33,82,5.49,4.98,4.64,105.93,5031.52,17.91,82.79
4/17/24,2381.97,2382.59,2367.91,2380.14,12.23,-45.24,29.12066246,2282.8255,2160.1512,2017.1134,3.4,5.33,80,5.49,4.93,4.59,106.33,5068.97,18.24,85.36
4/16/24,2344.53,2381.97,2382.59,2367.91,-14.68,-86.04,32.648543,2272.288,2153.4994,2014.94055,3.4,5.33,83,5.49,4.97,4.67,106.17,5064.59,19.49,85.7
4/15/24,2376.89,2344.53,2381.97,2382.59,0.62,-47.51,34.96589171,2261.2575,2146.3506,2012.65215,3.4,5.33,83,5.49,4.93,4.63,106.01,5149.67,16.94,85.93
4/12/24,2335.6,2376.89,2344.53,2381.97,37.44,-6.59,39.24207102,2249.963,2139.5044,2010.37175,3.4,5.33,88,5.48,4.88,4.5,105.28,5171.51,14.91,85.6
4/11/24,2354.86,2335.6,2376.89,2344.53,-32.36,-46.09,46.59186214,2240.8215,2133.7094,2008.2079,3.4,5.33,92,5.48,4.93,4.56,105.18,5172.95,16.02,86.32
4/10/24,2338.94,2354.86,2335.6,2376.89,41.29,-19.33,52.96420415,2230.7545,2126.9708,2005.9077,3.4,5.33,86,5.49,4.97,4.55,104.1,5167.88,15.24,85.34
4/9/24,2329.93,2338.94,2354.86,2335.6,-19.26,-31.21,60.41213621,2221.8265,2120.9898,2003.86165,3.4,5.33,85,5.48,4.74,4.36,104.12,5217.03,15.34,86.59
4/8/24,2289.02,2329.93,2338.94,2354.86,15.92,-4.93,60.80366565,2213.269,2114.518,2001.6939,3.4,5.33,82,5.48,4.78,4.42,104.29,5211.37,16.24,86.1
4/5/24,2297.61,2289.02,2329.93,2338.94,9.01,60.93,59.23549144,2205.262,2108.1106,1999.5969,3.4,5.33,88,5.47,4.73,4.39,104.21,5158.95,16.45,86.86
4/4/24,2279.8,2297.61,2289.02,2329.93,40.91,91.12,51.97238332,2196.876,2101.9268,1997.49185,3.4,5.33,93,5.47,4.65,4.31,104.23,5244.05,14.29,85.66
4/3/24,2249.08,2279.8,2297.61,2289.02,-8.59,70.3,46.84021516,2189.8035,2096.477,1995.59595,3.4,5.33,93,5.47,4.68,4.36,104.77,5194.37,15,85.46
4/2/24,2232.75,2249.08,2279.8,2297.61,17.81,102.79,40.02003576,2181.34,2091.1152,1993.68585,3.4,5.33,94,5.49,4.7,4.36,105,5204.29,13.74,84.04
4/1/24,2190.72,2232.75,2249.08,2279.8,30.72,132.89,30.60393766,2173.082,2085.9366,1991.89965,3.4,5.33,93,5.49,4.72,4.33,104.49,5257.97,13.61,83.14
3/28/24,2179.72,2190.72,2232.75,2249.08,16.33,111.78,23.92169866,2164.7555,2081.5476,1990.2598,3.5,5.33,53,5.49,4.59,4.2,104.44,5248.03,12.93,81.71
3/27/24,2173.1,2179.72,2190.72,2232.75,42.03,186.17,15.77753765,2155.3345,2077.3702,1988.66895,3.5,5.33,82,5.5,4.54,4.2,104.3,5226.31,13.13,81.29
3/26/24,2165.64,2173.1,2179.72,2190.72,11,155.88,14.58988904,2147.538,2073.7532,1987.38495,3.5,5.33,85,5.5,4.56,4.24,104.22,5228.85,13.12,81.94
3/25/24,2181.81,2165.64,2173.1,2179.72,6.62,181.76,14.95899135,2140.0655,2070.7254,1986.17305,3.5,5.33,85,5.51,4.54,4.25,104.43,5219.52,13.67,80.85
3/22/24,2204.04,2181.81,2165.64,2173.1,7.46,173.3,15.61181707,2132.973,2068.3512,1985.07005,3.5,5.33,91,5.51,4.59,4.22,103.99,5242.48,12.92,80.84
3/21/24,2157.16,2204.04,2181.81,2165.64,-16.17,148.12,15.71366924,2126.4695,2066.0182,1984.03105,3.5,5.33,93,5.51,4.62,4.27,103.24,5253.43,12.98,81.49
3/20/24,2161.98,2157.16,2204.04,2181.81,-22.23,84.98,15.54604991,2118.629,2063.084,1982.91405,3.5,5.33,91,5.5,4.59,4.27,103.84,5181.69,13.83,83.2
3/19/24,2156.08,2161.98,2157.16,2204.04,46.88,140.45,11.45559349,2109.721,2059.5398,1981.6204,3.5,5.33,89,5.52,4.68,4.3,103.59,5139.09,14.5,82.85
3/18/24,2161.7,2156.08,2161.98,2157.16,-4.82,117.82,16.10121307,2103.0765,2057.0194,1980.55455,3.5,5.33,91,5.52,4.73,4.34,103.45,5154.77,14.75,81.03
3/15/24,2175.55,2161.7,2156.08,2161.98,5.9,93,21.8215944,2095.79,2054.3974,1979.5448,3.5,5.33,90,5.52,4.72,4.31,103.39,5123.31,14.33,81.14
3/14/24,2157.04,2175.55,2161.7,2156.08,-5.62,71.05,32.0118202,2088.636,2052.1872,1978.56815,3.5,5.33,95,5.52,4.68,4.29,102.76,5175.14,13.62,79.63
3/13/24,2183.71,2157.04,2175.55,2161.7,-13.85,15.17,45.56958908,2080.723,2049.8444,1977.58705,3.5,5.33,89,5.52,4.61,4.19,102.93,5173.49,13.89,78.06
3/12/24,2178.8,2183.71,2157.04,2175.55,18.51,22.68,53.54351435,2071.639,2047.1946,1976.43195,3.5,5.33,86,5.52,4.58,4.16,102.82,5134.3,14.97,78.09
3/11/24,2162.21,2178.8,2183.71,2157.04,-26.67,-10.61,59.38214125,2063.3595,2045.2474,1975.46355,3.5,5.33,85,5.5,4.51,4.1,102.74,5111.96,15.51,77.8
3/8/24,2147.57,2162.21,2178.8,2183.71,4.91,-13.16,58.11864192,2055.121,2042.8478,1974.35185,3.5,5.33,85,5.51,4.48,4.09,102.73,5164.46,14.22,79.51
3/7/24,2128.34,2147.57,2162.21,2178.8,16.59,19.6,52.69836489,2047.406,2040.5298,1973.19885,3.5,5.33,98,5.51,4.5,4.09,103.31,5132.38,14.98,79.13
3/6/24,2114.64,2128.34,2147.57,2162.21,14.64,56.47,46.77849493,2041.006,2038.6266,1972.2727,3.5,5.33,99,5.5,4.55,4.11,103.81,5108.03,14.27,78.15
3/5/24,2082.55,2114.64,2128.34,2147.57,19.23,28.82,38.75482617,2035.4625,2037.2646,1971.3672,3.5,5.33,101,5.5,4.54,4.13,103.85,5110.52,13.75,78.74
3/4/24,2044.33,2082.55,2114.64,2128.34,13.7,47.34,29.91558949,2030.8115,2036.023,1970.51925,3.5,5.33,91,5.51,4.61,4.22,103.89,5130.99,13.49,80.14
3/1/24,2034.79,2044.33,2082.55,2114.64,32.09,73.53,18.36277345,2026.337,2034.8348,1969.65455,3.5,5.33,84,5.54,4.54,4.19,104.13,5098.51,13.34,78.28
2/29/24,2030.27,2034.79,2044.33,2082.55,38.22,117.37,9.286943583,2024.1925,2034.2438,1968.97515,3.2,5.33,96,5.53,4.64,4.25,103.92,5085.36,14.14,78.2
2/28/24,2031.25,2030.27,2034.79,2044.33,9.54,140.76,10.27694269,2024.715,2034.4044,1968.4562,3.2,5.33,96,5.5,4.64,4.27,103.84,5067.2,13.52,78.48
2/27/24,2035.57,2031.25,2030.27,2034.79,4.52,126.77,13.21697814,2024.9735,2034.354,1968.0823,3.2,5.33,96,5.5,4.7,4.31,103.78,5074.6,13.63,77.62
2/26/24,2025,2035.57,2031.25,2030.27,-0.98,152.46,15.35437021,2025.2875,2034.5676,1967.8068,3.2,5.33,98,5.5,4.69,4.28,103.96,5093,14.17,76.4
2/23/24,2025.88,2025,2035.57,2031.25,-4.32,143.23,14.46331916,2025.2885,2034.4972,1967.49925,3.2,5.33,103,5.49,4.67,4.26,103.95,5100.92,14.31,78.37
2/22/24,2024.27,2025.88,2025,2035.57,10.57,137.21,13.04862871,2024.4385,2034.1798,1967.21075,3.2,5.33,103,5.49,4.69,4.33,103.91,5038.83,14.28,78.09
2/21/24,2016.25,2024.27,2025.88,2025,-0.88,121.69,14.21120407,2024.2255,2034.3952,1966.87805,3.2,5.33,101,5.5,4.64,4.32,104.04,4963.03,15.54,77.15
2/20/24,2013,2016.25,2024.27,2025.88,1.61,104.07,15.51880726,2023.758,2034.5404,1966.66245,3.2,5.33,104,5.49,4.59,4.27,104.32,4989.32,15.09,78.98
2/19/24,2003.44,2013,2016.25,2024.27,8.02,98.39,16.55833915,2024.0205,2033.7068,1966.4894,3.2,5.33,106,5.49,4.62,4.3,104.3,5031.13,13.94,78.11
2/16/24,1993.87,2003.44,2013,2016.25,3.25,69.55,16.76529471,2024.2515,2033.042,1966.4806,3.2,5.33,110,5.48,4.64,4.3,104.3,5031.13,13.94,78.11
2/15/24,1991.45,1993.87,2003.44,2013,9.56,40.89,18.01539909,2025.083,2032.873,1966.47085,3.2,5.33,112,5.49,4.56,4.24,104.66,5003.14,14.27,76.6
2/14/24,2018.94,1991.45,1993.87,2003.44,9.57,40.92,19.88734483,2026.105,2033.3676,1966.5353,3.2,5.33,107,5.48,4.56,4.27,104.84,4976.44,15.38,77.81
2/13/24,2024.5,2018.94,1991.45,1993.87,2.42,38.82,16.86428116,2026.905,2034.0338,1966.7234,3.2,5.33,98,5.48,4.64,4.31,104.18,4967.94,13.96,77.03
2/12/24,2034.21,2024.5,2018.94,1991.45,-27.49,12.31,10.03876603,2028.749,2034.585,1966.94805,3.2,5.33,93,5.49,4.46,4.17,104.08,5026.83,13.48,76.6
2/9/24,2036.7,2034.21,2024.5,2018.94,-5.56,11.07,8.551861396,2030.5215,2034.8866,1966.9601,3.2,5.33,96,5.49,4.48,4.17,104.14,5004.17,12.79,76.42
2/8/24,2035.32,2036.7,2034.21,2024.5,-9.71,-9.21,9.568431951,2031.746,2035.8392,1966.92195,3.2,5.33,96,5.49,4.46,4.15,104.03,4995.16,12.95,74.08
2/7/24,2025.15,2035.32,2036.7,2034.21,-2.49,-10.82,10.61665044,2031.7905,2035.958,1967.0008,3.2,5.33,96,5.47,4.41,4.09,104.15,4973.05,13.06,73.5
2/6/24,2039.66,2025.15,2035.32,2036.7,1.38,-11.05,11.86218647,2031.297,2036.1166,1967.0775,3.2,5.33,97,5.48,4.39,4.09,104.44,4950.16,13.57,72.76
2/5/24,2054.78,2039.66,2025.15,2035.32,10.17,-8.9,11.81553596,2031.088,2036.3022,1966.9809,3.2,5.33,96,5.49,4.46,4.17,103.99,4957.19,14.37,72.75
2/2/24,2039.96,2054.78,2039.66,2025.15,-14.51,-26.66,12.13517134,2031.3745,2036.1094,1966.7617,3.2,5.33,91,5.49,4.36,4.03,102.99,4916.06,13.95,73.91
2/1/24,2036.55,2039.96,2054.78,2039.66,-15.12,-51.34,11.73349129,2031.67,2035.364,1966.5123,3.2,5.33,81,5.49,4.2,3.87,103.51,4861.11,14.21,75.96
1/31/24,2031.27,2036.55,2039.96,2054.78,14.82,-46.09,7.868601175,2031.159,2034.1502,1966.17385,3.1,5.33,75,5.53,4.27,3.99,103.42,4899.19,13.42,77.84
1/30/24,2018.57,2031.27,2036.55,2039.96,3.41,-45.1,8.008632911,2031.314,2033.1594,1965.9325,3.1,5.33,92,5.53,4.36,4.06,103.44,4925.89,13.69,77.02
1/29/24,2020.74,2018.57,2031.27,2036.55,5.28,-12.33,6.8920912,2032.4705,2032.4164,1965.75085,3.1,5.33,92,5.53,4.29,4.08,103.47,4892.95,13.98,78.9
1/26/24,2016.53,2020.74,2018.57,2031.27,12.7,5.93,11.99373452,2034.0935,2031.4186,1965.57205,3.1,5.33,100,5.54,4.34,4.15,103.52,4888.91,13.73,77.15
1/25/24,2029.52,2016.53,2020.74,2018.57,-2.17,13.47,13.83276645,2036.31,2030.663,1965.3952,3.1,5.33,101,5.54,4.28,4.14,103.35,4886.66,13.18,75.3
1/24/24,2020.87,2029.52,2016.53,2020.74,4.21,20.17,13.7084414,2038.6255,2029.9002,1965.31715,3.1,5.33,96,5.52,4.34,4.18,103.51,4888.56,12.66,74.57
1/23/24,2029.63,2020.87,2029.52,2016.53,-12.99,5.8,12.97538135,2041.7725,2028.778,1965.20305,3.1,5.33,97,5.53,4.31,4.14,103.35,4856.8,13.2,74.68
1/22/24,2023.88,2029.63,2020.87,2029.52,8.65,4.28,12.96855432,2043.6095,2027.439,1965.08355,3.1,5.33,92,5.53,4.37,4.11,103.24,4853.42,13.77,73.41
1/19/24,2009.87,2023.88,2029.63,2020.87,-8.76,10.03,12.48541389,2045.3275,2025.952,1964.94915,3.1,5.33,94,5.54,4.39,4.15,103.37,4796.28,13.8,74.08
1/18/24,2028.33,2009.87,2023.88,2029.63,5.75,30.9,13.16202517,2046.496,2024.1192,1964.823,3.1,5.33,87,5.53,4.34,4.14,103.37,4760.1,14.85,72.78
1/17/24,2054.39,2028.33,2009.87,2023.88,14.01,30.09,13.1074442,2047.92,2022.8256,1964.90345,3.1,5.33,88,5.54,4.34,4.1,103.36,4739.13,14.59,72
1/16/24,2048.99,2054.39,2028.33,2009.87,-18.46,8.22,9.61459452,2049.04,2021.6462,1964.94515,3.1,5.33,85,5.54,4.22,4.07,102.74,4772.35,14.12,72.63
1/15/24,2035.1,2048.99,2054.39,2028.33,-26.06,-23.12,10.82541044,2049.671,2020.4592,1964.8273,3.1,5.33,88,5.55,4.18,4,102.3,4791.18,12.66,73.01
1/12/24,2026.83,2035.1,2048.99,2054.39,5.4,-30.42,12.31209541,2048.338,2018.9074,1964.5179,3.1,5.33,93,5.55,4.14,3.96,102.3,4791.18,12.66,73.01
1/11/24,2031.14,2026.83,2035.1,2048.99,13.89,-14.36,13.76933005,2046.8735,2017.78,1964.3113,3.1,5.33,96,5.54,4.26,3.98,102.3,4792.13,12.64,71.33
1/10/24,2030.88,2031.14,2026.83,2035.1,8.27,-10.3,15.03446707,2046.907,2016.7786,1964.17475,3.1,5.33,91,5.53,4.37,4.04,102.48,4759.94,12.86,72.17
1/9/24,2045.57,2030.88,2031.14,2026.83,-4.31,-1.62,16.15150712,2047.2225,2015.9448,1964.1425,3.1,5.33,91,5.53,4.36,4.02,102.22,4741.93,13.2,70.91
1/8/24,2044.56,2045.57,2030.88,2031.14,0.26,-10.01,14.66755391,2044.795,2014.9982,1964.0956,3.1,5.33,86,5.54,4.36,4.01,102.44,4703.7,14,73.51
1/5/24,2043.06,2044.56,2045.57,2030.88,-14.69,-15.94,11.69582684,2042.4015,2014.2912,1963.86585,3.1,5.33,84,5.54,4.4,4.05,102.4,4690.57,14.24,72.4
1/4/24,2059.68,2043.06,2044.56,2045.57,1.01,-20.68,10.97950636,2040.3505,2013.5064,1963.4853,3.1,5.33,86,5.56,4.38,3.99,102.46,4697.42,13.93,73.04
1/3/24,2063.73,2059.68,2043.06,2044.56,1.5,-33.19,10.03732833,2039.531,2012.3044,1963.1552,3.1,5.33,87,5.54,4.33,3.91,102.15,4725.07,13.35,70.5
1/2/24,2062.9,2063.73,2059.68,2043.06,-16.62,-31.35,12.39619767,2038.737,2011.1038,1962.7564,3.1,5.33,83,5.55,4.33,3.95,101.42,4745.2,13.22,71.71
1/1/24,2067.05,2062.9,2063.73,2059.68,-4.05,-9.34,13.66485744,2036.7035,2009.368,1962.31795,3.1,5.33,65,5.57,4.27,3.9,101.2,4782.88,12.55,71.99
12/29/23,2079.47,2067.05,2062.9,2063.73,0.83,-13.91,16.28079632,2035.218,2007.566,1961.79015,3.4,5.33,59,5.6,4.23,3.88,101.2,4782.88,12.55,71.99
12/28/23,2066.26,2079.47,2067.05,2062.9,-4.15,-31.95,19.06776151,2035.6795,2005.9326,1961.3694,3.4,5.33,81,5.57,4.26,3.84,100.87,4786.44,12.44,73.8
12/27/23,2055.23,2066.26,2079.47,2067.05,-12.42,-52.64,18.40516667,2034.3345,2004.1278,1960.9912,3.4,5.33,88,5.55,4.2,3.79,101.55,4773.45,13.02,75.32
12/26/23,2053,2055.23,2066.26,2079.47,13.21,-35.12,14.5473636,2032.5925,2001.5542,1960.4423,3.4,5.33,96,5.53,4.26,3.89,101.65,4758.86,13.77,73.56
12/25/23,2052.36,2053,2055.23,2066.26,11.03,-24.35,21.30594763,2031.5095,1998.724,1959.82575,3.4,5.33,95,5.53,4.28,3.9,101.76,4753.92,13.72,73.91
12/22/23,2032.27,2052.36,2053,2055.23,2.23,-7.43,24.96290929,2029.5235,1996.0072,1959.43275,3.4,5.33,90,5.54,4.31,3.9,101.76,4753.92,13.72,73.91
12/21/23,2040.95,2032.27,2052.36,2053,0.64,-7.8,23.82744125,2026.993,1993.5928,1959.1083,3.4,5.33,101,5.54,4.33,3.89,102.39,4724.29,13.4,73.81
12/20/23,2027.73,2040.95,2032.27,2052.36,20.09,10.79,21.41956779,2024.0795,1989.9608,1958.45375,3.4,5.33,97,5.5,4.34,3.86,102.19,4764.73,12.63,74.06
12/19/23,2019.7,2027.73,2040.95,2032.27,-8.68,18.73,21.12200403,2021.987,1986.8232,1957.89835,3.4,5.33,96,5.51,4.41,3.93,102.47,4743.72,12.6,72.48
12/18/23,2035.77,2019.7,2027.73,2040.95,13.22,36,19.58932603,2019.9095,1983.1992,1957.20935,3.4,5.33,95,5.52,4.43,3.95,102.59,4725.58,12.62,71.68
12/15/23,2033.14,2035.77,2019.7,2027.73,8.03,43.2,20.09913497,2017.592,1979.8972,1956.63205,3.4,5.33,101,5.54,4.44,3.91,102.1,4714.23,12.12,71.61
12/14/23,1982.59,2033.14,2035.77,2019.7,-16.07,31.28,26.71433949,2015.6465,1976.155,1955.87005,3.4,5.33,108,5.54,4.37,3.92,102.78,4721.04,11.96,69.85
12/13/23,1983.01,1982.59,2033.14,2035.77,2.63,46.33,27.00035236,2012.988,1971.8666,1954.8488,3.4,5.33,106,5.52,4.46,4.04,103.82,4646.2,12.2,68.73
12/12/23,2004.55,1983.01,1982.59,2033.14,50.55,83.67,27.7426856,2009.352,1967.6586,1953.7595,3.4,5.33,106,5.53,4.73,4.2,104.03,4618.3,12.69,71.43
12/11/23,2028.17,2004.55,1983.01,1982.59,-0.42,72.22,24.28650849,2008.351,1964.4772,1952.9164,3.4,5.33,102,5.55,4.71,4.23,103.98,4593.39,13.05,71.15
12/8/23,2027.18,2028.17,2004.55,1983.01,-21.54,48.45,18.91900999,2006.5265,1961.3182,1952.23335,3.4,5.33,101,5.54,4.71,4.23,103.64,4576.2,13.14,69.76
12/7/23,2019.01,2027.18,2028.17,2004.55,-23.62,24.19,19.28857431,2003.1985,1958.2036,1951.48745,3.4,5.33,102,5.53,4.58,4.14,104.11,4568.84,13.17,69.28
12/6/23,2034.02,2019.01,2027.18,2028.17,0.99,5.09,22.87136271,1999.75,1954.9746,1950.53575,3.4,5.33,103,5.54,4.6,4.12,103.99,4586.23,12.78,72.1
12/5/23,2072.13,2034.02,2019.01,2027.18,8.17,21.94,26.00244273,1995.936,1951.9844,1949.58315,3.4,5.33,103,5.54,4.57,4.18,103.56,4557.25,13.26,73.3
12/4/23,2040.15,2072.13,2034.02,2019.01,-15.01,-6.29,27.27111993,1993.4345,1949.637,1948.6165,3.4,5.33,103,5.55,4.64,4.28,103.19,4564.37,13.28,74.58
12/1/23,2044.63,2040.15,2072.13,2034.02,-38.11,-52.43,30.00812557,1990.5735,1947.2824,1947.53265,3.4,5.33,107,5.55,4.56,4.22,103.36,4559.43,12.94,75.59
11/30/23,2044.6,2044.63,2040.15,2072.13,31.98,-4.38,25.40882533,1986.598,1944.3482,1946.2273,3.1,5.33,91,5.56,4.73,4.37,102.83,4554.87,13.07,77.75
11/29/23,2015.51,2044.6,2044.63,2040.15,-4.48,-11.49,24.13983911,1983.842,1941.9734,1945.1434,3.1,5.33,96,5.53,4.64,4.27,102.65,4571.84,12.71,76.56
11/28/23,2002.39,2015.51,2044.6,2044.63,0.03,-62.01,22.88450616,1980.8675,1939.6698,1944.04615,3.1,5.33,97,5.53,4.73,4.34,103.13,4545.55,12.78,75.07
11/27/23,1994.09,2002.39,2015.51,2044.6,29.09,-32.5,17.18593744,1977.828,1937.4066,1943.00145,3.1,5.33,97,5.54,4.84,4.39,103.42,4554.86,13.14,75.31
11/24/23,1990.42,1994.09,2002.39,2015.51,13.12,2.16,18.26387801,1976.829,1935.7792,1942.133,3.1,5.33,101,5.55,4.92,4.47,103.75,4555.84,13.03,76.79
11/23/23,1999.4,1990.42,1994.09,2002.39,8.3,34.08,20.70530141,1977.026,1934.207,1941.33425,3.1,5.33,100,5.55,4.9,4.45,103.55,4553.04,13.08,76.79
11/22/23,1981.38,1999.4,1990.42,1994.09,3.67,36.76,19.79177801,1976.5445,1932.5234,1940.53575,3.1,5.33,102,5.54,4.89,4.42,103.55,4553.04,13.08,77.77
11/21/23,1980.79,1981.38,1999.4,1990.42,-8.98,19.61,19.22751792,1976.175,1930.9016,1939.7667,3.1,5.33,102,5.52,4.86,4.41,103.47,4538.77,13.45,77.65
11/20/23,1982.6,1980.79,1981.38,1999.4,18.02,52.64,15.41582322,1974.8495,1929.173,1939.0449,3.1,5.33,101,5.53,4.89,4.42,103.82,4511.7,14.26,75.65
11/17/23,1960.42,1982.6,1980.79,1981.38,0.59,91.34,14.87198339,1974.462,1927.979,1938.41025,3.1,5.33,98,5.52,4.88,4.44,104.4,4509.55,14.18,72.97
11/16/23,1962.57,1960.42,1982.6,1980.79,-1.81,57.55,16.81629699,1974.484,1926.746,1937.83385,3.1,5.33,99,5.53,4.83,4.45,104.36,4497.08,14.12,76.6
11/15/23,1946.52,1962.57,1960.42,1982.6,22.18,84.21,17.13178141,1974.1945,1925.4982,1937.2327,3.1,5.33,96,5.52,4.9,4.53,104.38,4505.3,14.21,78.17
11/14/23,1937.99,1946.52,1962.57,1960.42,-2.15,82.03,18.2858915,1973.713,1924.6326,1936.8062,3.1,5.33,102,5.52,4.8,4.44,105.65,4458.97,14.83,78.53
11/13/23,1959.2,1937.99,1946.52,1962.57,16.05,68.99,18.98904915,1971.822,1923.914,1936.3587,3.1,5.33,102,5.53,5.02,4.63,105.8,4406.66,15.16,77.15
11/10/23,1950.9,1959.2,1937.99,1946.52,8.53,64.4,18.95331223,1970.4655,1923.7374,1935.9689,3.1,5.33,106,5.53,5.04,4.61,105.93,4364.15,15.09,75.59
11/9/23,1968.98,1950.9,1959.2,1937.99,-21.21,34.89,16.89575108,1970.18,1923.7802,1935.60865,3.1,5.33,105,5.53,5.03,4.62,105.53,4391.41,14.61,75.65
11/8/23,1976.8,1968.98,1950.9,1959.2,8.3,39.52,15.16837646,1965.758,1923.3978,1935.3873,3.1,5.33,101,5.52,4.93,4.49,105.54,4384.37,14.91,77.12
11/7/23,1992.62,1976.8,1968.98,1950.9,-18.08,30.42,10.21787328,1961.9825,1923.2658,1935.3985,3.1,5.33,104,5.53,4.91,4.58,105.27,4366.21,15.1,80.93
11/6/23,1985.03,1992.62,1976.8,1968.98,-7.82,4.58,9.539126678,1956.521,1922.6112,1935.19075,3.1,5.33,101,5.53,4.93,4.67,105.07,4364.27,15.39,81.13
11/3/23,1985.14,1985.03,1992.62,1976.8,-15.82,-11.83,9.943742924,1950.8125,1921.4992,1934.9178,3.1,5.33,102,5.53,4.83,4.57,106.2,4334.23,15.7,82.58
11/2/23,1983.81,1985.14,1985.03,1992.62,7.59,-2.43,9.783683469,1942.811,1919.9446,1934.59455,3.1,5.33,99,5.52,4.98,4.67,106.5,4268.26,16.59,80.82
11/1/23,1995.53,1983.81,1985.14,1985.03,-0.11,-24.72,10.13014226,1934.627,1918.5602,1934.32165,3.1,5.33,92,5.56,4.95,4.77,106.67,4201.27,18.02,81.48
10/31/23,2006.33,1995.53,1983.81,1985.14,1.33,-21.24,14.63192282,1926.507,1917.2184,1934.13815,3.2,5.33,86,5.56,5.07,4.88,106.16,4171.33,19.86,82.59
10/30/23,1984.46,2006.33,1995.53,1983.81,-11.72,-49.01,22.89249428,1918.4925,1915.514,1933.90455,3.2,5.33,97,5.56,5.03,4.88,106.58,4139.39,21.13,85
10/27/23,1983.03,1984.46,2006.33,1995.53,-10.8,-68.34,27.48632486,1909.969,1913.4986,1933.58375,3.2,5.33,94,5.57,4.99,4.84,106.59,4152.93,20.39,83.53
10/26/23,1972.89,1983.03,1984.46,2006.33,21.87,-25.26,25.73107253,1902.0935,1911.1624,1933.1825,3.2,5.33,100,5.57,5.02,4.86,106.58,4175.99,21.78,85.37
10/25/23,1973.63,1972.89,1983.03,1984.46,1.43,-32.13,36.53716866,1896.2065,1909.3022,1932.9205,3.2,5.33,93,5.56,5.08,4.95,106.25,4232.42,19.39,83.69
10/24/23,1981.23,1973.63,1972.89,1983.03,10.14,-3.91,40.85319539,1890.9385,1907.5102,1932.5403,3.2,5.33,83,5.57,5.02,4.83,105.61,4235.79,20.03,86.15
10/23/23,1976.81,1981.23,1973.63,1972.89,-0.74,3.17,45.4599584,1887.376,1906.0852,1932.2199,3.2,5.33,88,5.57,5.05,4.86,106.16,4210.4,21.83,88
10/20/23,1950.79,1976.81,1981.23,1973.63,-7.6,11.39,46.21282453,1884.509,1904.7646,1931.9418,3.2,5.33,87,5.56,5.07,4.93,106.26,4273.85,21.59,90.28
10/19/23,1924.75,1950.79,1976.81,1981.23,4.42,8.22,46.58159918,1881.7185,1903.4166,1931.6376,3.2,5.33,90,5.58,5.14,4.98,106.54,4321.36,19.73,88.24
10/18/23,1919.39,1924.75,1950.79,1976.81,26.02,34.35,44.16847362,1878.9485,1902.1296,1931.24415,3.2,5.33,89,5.57,5.19,4.91,106.22,4357.35,18.36,87.81
10/17/23,1932.28,1919.39,1924.75,1950.79,26.04,59.06,41.4431265,1877.8815,1901.4494,1930.87545,3.2,5.33,93,5.58,5.19,4.83,106.26,4345.23,17.41,87.06
10/16/23,1870.76,1932.28,1919.39,1924.75,5.36,76.14,39.48810257,1878.216,1901.4686,1930.6381,3.2,5.33,96,5.57,5.09,4.71,106.58,4342.37,19.1,87.72
10/13/23,1875.39,1870.76,1932.28,1919.39,-12.89,74.05,35.31206154,1878.9535,1901.8168,1930.39355,3.2,5.33,99,5.6,5.04,4.63,106.52,4360.49,16.53,83.51
10/12/23,1859.75,1875.39,1870.76,1932.28,61.52,113.7,21.58310165,1878.5285,1902.0272,1930.0628,3.2,5.33,103,5.61,5.06,4.7,105.67,4380.94,16.08,83.2
10/11/23,1862.63,1859.75,1875.39,1870.76,-4.63,107.64,21.06352827,1880.486,1903.3286,1929.873,3.2,5.33,94,5.58,4.99,4.58,105.73,4366.59,16.95,85.96
10/10/23,1832.59,1862.63,1859.75,1875.39,15.64,113.14,21.45154501,1882.183,1904.543,1929.77105,3.2,5.33,95,5.6,4.96,4.66,106.03,4339.75,17.7,86.43
10/9/23,1821.35,1832.59,1862.63,1859.75,-2.88,111,27.95478023,1884.844,1906.3936,1929.65545,3.2,5.33,98,5.6,5,4.7,106.1,4289.02,19.54,85.25
10/6/23,1822.74,1821.35,1832.59,1862.63,30.04,148.64,35.22210417,1887.7965,1908.4232,1929.48885,3.2,5.33,100,5.59,5.08,4.78,106.36,4234.79,18.73,82.28
10/5/23,1823.52,1822.74,1821.35,1832.59,11.24,155.46,40.84237262,1892.124,1910.9564,1929.4452,3.2,5.33,102,5.57,5.03,4.72,106.77,4259.31,18.67,84.45
10/4/23,1825.06,1823.52,1822.74,1821.35,-1.39,128.05,41.77201228,1897.067,1913.4792,1929.41345,3.2,5.33,103,5.56,5.05,4.73,107.06,4233.83,20.72,89.42
10/3/23,1848.82,1825.06,1823.52,1822.74,-0.78,101.23,41.15160912,1901.787,1916.4666,1929.32905,3.2,5.33,94,5.55,5.15,4.81,107.03,4269.75,17.81,88.67
10/2/23,1866.72,1848.82,1825.06,1823.52,-1.54,94.33,37.6467218,1906.943,1919.305,1929.27375,3.2,5.33,89,5.56,5.12,4.69,106.17,4284.52,17.31,90.82
9/29/23,1877.67,1866.72,1848.82,1825.06,-23.76,83.46,30.43866985,1912.5745,1921.8946,1929.15815,3.7,5.33,86,5.55,5.03,4.59,106.15,4328.18,16.87,91.76
9/28/23,1901.64,1877.67,1866.72,1848.82,-17.9,4.04,23.40045925,1917.14,1924.1552,1928.90695,3.7,5.33,104,5.56,5.04,4.59,106.68,4269.65,18.22,93.78
9/27/23,1916.29,1901.64,1877.67,1866.72,-10.95,-2.28,17.084844,1920.808,1926.2652,1928.53985,3.7,5.33,99,5.54,5.1,4.61,106.22,4282.63,18.29,90.53
9/26/23,1925.42,1916.29,1901.64,1877.67,-23.97,-41.89,10.7056044,1924.1395,1928.2676,1928.2262,3.7,5.33,96,5.54,5.04,4.56,105.94,4312.88,18.03,89.88
9/25/23,1921.41,1925.42,1916.29,1901.64,-14.65,-53.66,8.972901426,1925.87,1929.7864,1927.8044,3.7,5.33,93,5.54,5.09,4.55,105.57,4310.62,17.25,90.55
9/22/23,1929.45,1921.41,1925.42,1916.29,-9.13,-92.83,8.790947427,1926.1155,1930.5706,1927.1596,3.7,5.33,94,5.52,5.1,4.44,105.38,4341.74,17.31,89.62
9/21/23,1931.44,1929.45,1921.41,1925.42,4.01,-100.06,8.739920226,1925.589,1931.1768,1926.49815,3.7,5.33,87,5.52,5.12,4.49,105.44,4374.36,15.49,89.3
9/20/23,1934.14,1931.44,1929.45,1921.41,-8.04,-106.71,8.746858801,1925.309,1931.949,1925.77395,3.7,5.33,89,5.53,5.12,4.35,105.11,4452.81,14.18,91.55
9/19/23,1923.78,1934.14,1931.44,1929.45,-1.99,-107.92,8.313031537,1924.739,1932.516,1925.16515,3.7,5.33,90,5.53,5.08,4.37,105.08,4445.41,14.11,92.22
9/18/23,1909.91,1923.78,1934.14,1931.44,-2.7,-109.08,7.692859893,1923.0965,1932.554,1924.55655,3.7,5.33,94,5.53,5.05,4.32,105.3,4445.13,14.4,91.2
9/15/23,1909.33,1909.91,1923.78,1934.14,10.36,-74.96,8.484951974,1921.1275,1932.3694,1923.7964,3.7,5.33,96,5.51,5.02,4.33,105.38,4497.98,12.7,90.67
9/14/23,1912.97,1909.33,1909.91,1923.78,13.87,-43.19,10.63058293,1919.4145,1932.4116,1923.16425,3.7,5.33,92,5.52,5,4.29,104.74,4487.78,13.39,88.81
9/13/23,1921.68,1912.97,1909.33,1909.91,0.58,-31.66,11.24432939,1918.4915,1932.4486,1922.56135,3.7,5.33,104,5.53,4.96,4.25,104.58,4462.65,14.42,88.75
9/12/23,1919.14,1921.68,1912.97,1909.33,-3.64,-11.33,11.43807268,1917.6965,1932.599,1921.95035,3.7,5.33,108,5.52,4.98,4.27,104.56,4473.27,14.02,87.27
9/11/23,1920.21,1919.14,1921.68,1912.97,-8.71,-5.39,10.35762972,1917.13,1932.8674,1921.2408,3.7,5.33,105,5.52,4.97,4.29,104.94,4480.98,14.17,87.4
9/8/23,1917.14,1920.21,1919.14,1921.68,2.54,6.28,10.4031617,1916.426,1932.86,1920.4788,3.7,5.33,104,5.52,4.98,4.26,105.06,4451.3,14.22,86.78
9/7/23,1926.64,1917.14,1920.21,1919.14,-1.07,1.2,10.97958312,1916.1605,1932.868,1919.87325,3.7,5.33,105,5.52,4.94,4.27,104.86,4434.55,14.81,87.54
9/6/23,1937.69,1926.64,1917.14,1920.21,3.07,12.31,11.48546719,1915.773,1932.6422,1919.2839,3.7,5.33,100,5.52,5.01,4.3,104.75,4490.35,14.27,86.72
9/5/23,1940.13,1937.69,1926.64,1917.14,-9.5,4.8,11.3805489,1915.755,1932.4962,1918.5656,3.7,5.33,102,5.51,4.94,4.27,104.13,4510.06,14.15,86.06
9/4/23,1940.08,1940.13,1937.69,1926.64,-11.05,-3.55,15.03493964,1915.7085,1932.2752,1917.6766,3.7,5.33,102,5.51,4.9,4.24,103.62,4530.6,13.56,83.63
9/1/23,1944.3,1940.08,1940.13,1937.69,-2.44,-16.35,17.47837979,1915.664,1931.9726,1916.6947,3.7,5.33,104,5.51,4.87,4.18,103.62,4530.6,13.56,83.63
8/31/23,1936.25,1944.3,1940.08,1940.13,0.05,-30.17,19.03404975,1915.7975,1931.5922,1915.76705,3.7,5.33,97,5.52,4.85,4.09,103.1,4517.01,13.98,81.7
8/30/23,1921.2,1936.25,1944.3,1940.08,-4.22,-34.97,18.79077362,1915.585,1931.0822,1914.8443,3.7,5.33,100,5.55,4.9,4.12,103.44,4500.34,14.53,81.29
8/29/23,1914.89,1921.2,1936.25,1944.3,8.05,-23.28,15.88030384,1915.1755,1930.8746,1913.884,3.7,5.33,102,5.54,4.87,4.12,103.92,4432.75,15.08,79.98
8/28/23,1915.81,1914.89,1921.2,1936.25,15.05,0.48,12.2491734,1915.977,1930.8964,1912.9088,3.7,5.33,107,5.56,4.98,4.2,104.19,4426.03,16.24,80.15
8/25/23,1918.05,1915.81,1914.89,1921.2,6.31,4.25,10.7868698,1918.1225,1931.5224,1911.99565,3.7,5.33,103,5.56,5.03,4.25,104.1,4389.38,17.21,78.88
8/24/23,1898.59,1918.05,1915.81,1914.89,-0.92,4.4,10.65682025,1920.3405,1932.3814,1911.1764,3.7,5.33,105,5.55,4.98,4.23,103.36,4455.16,15.57,78.57
8/23/23,1894.76,1898.59,1918.05,1915.81,-2.24,-0.91,10.23512042,1921.9245,1933.2334,1910.397,3.7,5.33,105,5.54,4.95,4.19,103.58,4396.44,16.64,79.64
8/22/23,1889.52,1894.76,1898.59,1918.05,19.46,28.05,10.02131972,1924.6275,1933.7786,1909.67645,3.7,5.33,101,5.54,5.02,4.34,103.33,4415.33,16.96,80.8
8/21/23,1891.45,1889.52,1894.76,1898.59,3.83,42.93,12.38503918,1927.97,1934.6866,1909.0876,3.7,5.33,100,5.55,4.97,4.34,103.43,4380.28,18.03,81.43
8/18/23,1893.43,1891.45,1889.52,1894.76,5.24,50.61,15.39790592,1930.959,1935.992,1908.46165,3.7,5.33,100,5.53,4.92,4.26,103.4,4344.88,17.8,80.04
8/17/23,1901.64,1893.43,1891.45,1889.52,-1.93,48.63,17.066097,1934.5755,1937.4166,1907.86795,3.7,5.33,98,5.55,4.94,4.3,103.48,4416.32,16.96,79.25
8/16/23,1907.6,1901.64,1893.43,1891.45,-1.98,50.87,16.22810648,1938.614,1938.8972,1907.1722,3.7,5.33,96,5.52,4.97,4.28,103.21,4433.79,16.54,81.23
8/15/23,1913.83,1907.6,1901.64,1893.43,-8.21,34.61,14.35101328,1942.832,1939.9192,1906.23785,3.7,5.33,102,5.53,4.92,4.21,103.15,4478.87,14.95,82.52
8/14/23,1912.46,1913.83,1907.6,1901.64,-5.96,13.6,14.91698659,1946.629,1941.1536,1905.28765,3.7,5.33,103,5.55,4.96,4.19,102.85,4458.13,15.88,83.09
8/11/23,1916.78,1912.46,1913.83,1907.6,-6.23,1.06,16.89451617,1949.024,1942.229,1904.12265,3.7,5.33,105,5.54,4.89,4.16,102.62,4450.69,15.53,82.83
8/10/23,1925.71,1916.78,1912.46,1913.83,1.37,3.35,17.07221397,1951.119,1942.9164,1902.96,3.7,5.33,108,5.55,4.82,4.09,102.48,4487.16,15.58,84.25
8/9/23,1936.8,1925.71,1916.78,1912.46,-4.32,1.27,14.6184056,1953.497,1944.2068,1901.54655,3.7,5.33,111,5.51,4.79,4,102.55,4501.57,15.81,82.88
8/8/23,1942.8,1936.8,1925.71,1916.78,-8.93,-27.12,14.60262644,1955.548,1945.2006,1900.13205,3.7,5.33,110,5.54,4.74,4.02,102.07,4498.03,16.28,82.53
8/7/23,1935.83,1942.8,1936.8,1925.71,-11.09,-42.04,13.45059668,1955.9295,1945.8614,1898.73785,3.7,5.08,106,5.54,4.76,4.09,102.01,4491.58,16.9,82.82
8/4/23,1936.11,1935.83,1942.8,1936.8,-6,-53.28,12.47135046,1955.335,1945.9594,1897.2164,3.7,5.08,112,5.54,4.78,4.05,102.45,4513.96,16.01,81.73
8/3/23,1952.28,1936.11,1935.83,1942.8,6.97,-44.38,12.19269312,1954.4895,1946.0368,1895.7259,3.7,5.08,105,5.54,4.9,4.2,102.59,4494.27,16.77,79.77
8/2/23,1964.11,1952.28,1936.11,1935.83,-0.28,-42.68,11.26339893,1953.286,1946.131,1894.3562,3.7,5.08,105,5.48,4.88,4.08,101.96,4550.93,15.7,82.05
8/1/23,1959.25,1964.11,1952.28,1936.11,-16.17,-50.64,9.635079196,1952.323,1946.609,1893.0121,3.7,5.08,108,5.49,4.92,4.05,101.87,4578.83,13.75,81.73
7/31/23,1947.49,1959.25,1964.11,1952.28,-11.83,-56.51,9.910359114,1951.0285,1947.0668,1891.5148,3.2,5.08,103,5.48,4.88,3.97,101.7,4584.82,13.98,80.65
7/28/23,1972.11,1947.49,1959.25,1964.11,4.86,-45.42,10.38203582,1948.8885,1947.1794,1889.95325,3.2,5.08,106,5.47,4.87,3.96,101.69,4565.75,14.03,79.84
7/27/23,1965.44,1972.11,1947.49,1959.25,11.76,-35.03,10.63184655,1946.903,1947.5518,1888.445,3.2,5.08,105,5.47,4.91,4.01,101.11,4598.26,13.14,78.9
7/26/23,1954.54,1965.44,1972.11,1947.49,-24.62,-55.33,9.093704538,1944.9745,1947.7712,1886.84275,3.2,5.08,98,5.46,4.82,3.86,101.32,4558.96,13.86,79.34
7/25/23,1961.85,1954.54,1965.44,1972.11,6.67,-39.73,9.024816465,1941.861,1947.9842,1885.1186,3.2,5.08,89,5.46,4.85,3.91,101.42,4555.19,14.02,78.85
7/24/23,1972.22,1961.85,1954.54,1965.44,10.9,-17.74,13.15769403,1939.3685,1948.4686,1883.5535,3.2,5.08,101,5.44,4.81,3.86,101.09,4543.39,14.29,77.01
7/21/23,1977.79,1972.22,1961.85,1954.54,-7.31,-19.05,17.35119477,1937.7695,1949.6676,1882.03415,3.2,5.08,110,5.43,4.82,3.84,100.78,4550.16,13.87,75.7
7/20/23,1977.58,1977.79,1972.22,1961.85,-10.37,-36.39,19.92499034,1935.7325,1950.6516,1880.4457,3.2,5.07,111,5.44,4.8,3.85,100.28,4554.38,13.96,75.35
7/19/23,1955.5,1977.58,1977.79,1972.22,-5.57,-41.68,22.77714976,1932.8505,1951.5338,1878.90255,3.2,5.08,106,5.37,4.74,3.75,99.98,4563.87,13.32,75.84
7/18/23,1955.73,1955.5,1977.58,1977.79,0.21,-25.3,22.07209691,1930.657,1952.6078,1877.3861,3.2,5.08,106,5.37,4.74,3.8,99.89,4521.78,13.61,74.18
7/17/23,1960.02,1955.73,1955.5,1977.58,22.08,8.61,18.54107659,1928.645,1953.7838,1875.8181,3.2,5.08,112,5.37,4.74,3.81,99.96,4508.86,13.78,75.02
7/14/23,1957.8,1960.02,1955.73,1955.5,-0.23,3.52,17.85309621,1928.495,1955.1008,1874.39205,3.2,5.08,115,5.37,4.74,3.83,99.75,4514.61,13.72,77.16
7/13/23,1933.34,1957.8,1960.02,1955.73,-4.29,-12.53,16.43538354,1928.6005,1956.3236,1873.0869,3.2,5.08,122,5.37,4.59,3.76,100.52,4491.5,13.44,75.85
7/12/23,1924.91,1933.34,1957.8,1960.02,2.22,14.31,13.70628278,1928.52,1958.1228,1871.8458,3.2,5.07,116,5.36,4.72,3.86,101.59,4467.69,14.82,74.83
7/11/23,1925.89,1924.91,1933.34,1957.8,24.46,32.1,8.04964768,1927.8955,1960.0076,1870.64885,3.2,5.07,121,5.35,4.88,3.99,101.94,4415.55,15.02,73.19
7/10/23,1911.76,1925.89,1924.91,1933.34,8.43,29.63,6.571996145,1928.428,1961.6608,1869.6104,3.2,5.07,125,5.34,4.85,4.01,102.29,4394.23,16.08,73.86
7/7/23,1916.85,1911.76,1925.89,1924.91,-0.98,35.96,6.339325674,1930.184,1962.7888,1868.49065,3.2,5.07,127,5.32,4.94,4.06,103.08,4404.54,15.97,71.89
7/6/23,1926.39,1916.85,1911.76,1925.89,14.13,60.46,5.826453181,1931.927,1964.0666,1867.1642,3.2,5.07,119,5.32,4.99,4.05,103.35,4422.62,14.85,71.8
7/5/23,1921.31,1926.39,1916.85,1911.76,-5.09,60.94,5.587176687,1934.613,1965.5732,1865.9274,3.2,5.07,123,5.28,4.94,3.95,103.08,4442.04,14.19,70.15
7/4/23,1919.54,1921.31,1926.39,1916.85,-9.54,51.19,7.566260195,1935.997,1967.07,1864.62555,3.2,5.07,123,5.28,4.94,3.9,102.92,4450.48,13.85,70.45
7/3/23,1908.92,1919.54,1921.31,1926.39,5.08,34.19,9.29009921,1937.8455,1968.5466,1863.1378,3.2,5.07,124,5.27,4.94,3.86,102.92,4450.48,13.85,70.45
6/30/23,1909.84,1908.92,1919.54,1921.31,1.77,36.19,13.76236737,1939.8485,1970.0306,1861.671,3,5.08,97,5.24,4.87,3.81,103.35,4422.44,13.51,69.82
6/29/23,1915.59,1909.84,1908.92,1919.54,10.62,51.1,17.36726103,1941.2815,1971.3038,1860.2928,3,5.07,135,5.25,4.87,3.85,102.96,4374.94,13.64,69.25
6/28/23,1922.56,1915.59,1909.84,1908.92,-0.92,47.96,18.52265847,1944.6845,1973.228,1859.1122,3,5.08,140,5.17,4.71,3.71,102.51,4367.48,13.9,68.01
6/27/23,1921.11,1922.56,1915.59,1909.84,-5.75,17.75,17.06816868,1947.516,1974.9054,1857.89915,3,5.08,132,5.17,4.74,3.77,102.74,4337.36,14.11,69.49
6/26/23,1914.58,1921.11,1922.56,1915.59,-6.97,2.35,15.6108532,1949.674,1976.706,1856.65355,3,5.08,138,5.17,4.65,3.72,102.83,4344.84,14.43,69.84
6/23/23,1933.92,1914.58,1921.11,1922.56,1.45,4.78,15.78734096,1950.631,1978.1346,1855.4202,3,5.08,135,5.17,4.71,3.74,102.38,4354.17,13.24,69.53
6/22/23,1937.34,1933.92,1914.58,1921.11,6.53,-2.82,14.76226725,1951.909,1979.8004,1854.1908,3,5.08,132,5.18,4.77,3.8,102.03,4355.4,13.88,72.43
6/21/23,1952.5,1937.34,1933.92,1914.58,-19.34,-17.07,10.78555212,1953.207,1982.3082,1852.9306,3,5.08,130,5.16,4.68,3.72,102.5,4380.01,13.88,70.9
6/20/23,1957.84,1952.5,1937.34,1933.92,-3.42,-10.95,9.273684153,1954.5115,1983.994,1851.74925,3,5.08,134,5.17,4.68,3.74,102.48,4396.11,14.36,71.45
6/19/23,1958.41,1957.84,1952.5,1937.34,-15.16,-31.19,8.084829415,1956.403,1985.3424,1850.57335,3,5.08,132,5.17,4.69,3.76,102.12,4440.95,14.49,70.55
6/16/23,1945.31,1958.41,1957.84,1952.5,-5.34,-38.3,8.238369647,1957.265,1986.1426,1849.43795,3,5.08,129,5.18,4.7,3.77,102.12,4440.95,14.49,70.55
6/15/23,1943.99,1945.31,1958.41,1957.84,-0.57,-49.49,8.570368915,1958.2665,1987.1392,1848.23535,3,5.08,128,5.18,4.62,3.72,102.96,4365.33,14.09,68.7
6/14/23,1960.03,1943.99,1945.31,1958.41,13.1,-35.47,11.01896244,1958.269,1988.1268,1846.997,3,5.08,128,5.18,4.74,3.83,103.32,4366.29,14.48,69.35
6/13/23,1960.75,1960.03,1943.99,1945.31,1.32,-28.4,10.54623703,1960.1415,1989.6282,1845.85365,3,5.08,131,5.19,4.67,3.84,103.58,4352.61,14.99,67.31
6/12/23,1965.48,1960.75,1960.03,1943.99,-16.04,-37.47,9.132118897,1962.425,1991.1836,1844.6512,3,5.08,134,5.24,4.55,3.73,103.55,4308.32,14.44,70.27
6/9/23,1944.53,1965.48,1960.75,1960.03,-0.72,-39.64,10.92170769,1965.148,1991.6816,1843.42115,3,5.08,133,5.25,4.59,3.75,103.3,4304.88,13.78,70.94
6/8/23,1963.36,1944.53,1965.48,1960.75,-4.73,-50.9,11.52730329,1967.663,1991.8558,1842.1799,3,5.08,136,5.25,4.52,3.73,104.07,4268.69,14.14,72.47
6/7/23,1961.37,1963.36,1944.53,1965.48,20.95,-10.61,12.24852467,1970.2055,1992.117,1840.84,3,5.08,137,5.07,4.56,3.79,104.12,4285.47,14.14,71.56
6/6/23,1948.2,1961.37,1963.36,1944.53,-18.83,-26.02,11.76709466,1974.5535,1992.4924,1839.66155,3,5.08,144,5.15,4.51,3.7,104.01,4271.34,14.91,71.99
6/5/23,1976.98,1948.2,1961.37,1963.36,1.99,-8.87,13.06388678,1978.2045,1992.665,1838.4618,3,5.08,136,5.25,4.46,3.69,104.04,4282.99,15.28,75.03
6/2/23,1966.47,1976.98,1948.2,1961.37,13.17,9.64,13.59077142,1981.2035,1992.601,1837.3536,3,5.08,141,5.28,4.5,3.69,103.56,4241.01,15.65,70.21
6/1/23,1958.75,1966.47,1976.98,1948.2,-28.78,-18.57,14.32956074,1984.637,1993.212,1836.3031,3,5.08,131,5.3,4.33,3.61,104.15,4183.03,17.24,67.6
5/31/23,1941.7,1958.75,1966.47,1976.98,10.51,-21.16,13.24665392,1988.287,1993.5006,1835.20165,4,5.08,118,5.28,4.4,3.64,104.05,4190.74,18.04,69.62
5/30/23,1946.67,1941.7,1958.75,1966.47,7.72,-14.76,15.06997313,1992.5655,1993.565,1834.12465,4,5.08,127,5.31,4.46,3.69,104.3,4226.71,17.56,73.23
5/29/23,1940.54,1946.67,1941.7,1958.75,17.05,18.33,17.49413603,1995.428,1993.249,1833.0617,4,5.08,131,5.73,4.5,3.75,104.23,4156.16,19.07,71.89
5/26/23,1960.01,1940.54,1946.67,1941.7,-4.97,14.08,21.70241976,1997.4085,1993.9476,1832.0298,4,5.08,136,6.02,4.54,3.8,104.23,4156.16,19.07,71.89
5/25/23,1975.17,1960.01,1940.54,1946.67,6.13,24.94,23.01542056,1999.564,1994.7764,1831.03145,4,5.08,131,5.95,4.5,3.83,103.86,4155.71,19.54,74.21
5/24/23,1969.74,1975.17,1960.01,1940.54,-19.47,-15.48,21.76312028,2001.8915,1994.3946,1830.12145,4,5.08,126,5.73,4.31,3.73,103.54,4132.96,18.8,73.77
5/23/23,1977.87,1969.74,1975.17,1960.01,-15.16,-11.81,24.05868233,2003.4755,1993.6182,1829.1466,4,5.08,126,5.67,4.26,3.7,103.27,4176.8,17.35,72.1
5/22/23,1958.46,1977.87,1969.74,1975.17,5.43,-8.37,26.73971663,2004.728,1992.1778,1828.14855,4,5.08,124,5.69,4.29,3.72,103.19,4190.78,17.45,71.7
5/19/23,1982.76,1958.46,1977.87,1969.74,-8.13,-29.67,25.45234685,2006.0165,1991.0284,1827.1927,4,5.08,132,5.62,4.28,3.7,103.51,4204.15,16.13,71.94
5/18/23,1989.66,1982.76,1958.46,1977.87,19.41,18.52,23.94996089,2006.283,1988.817,1826.3128,4,4.83,127,5.59,4.24,3.65,102.91,4157.68,16.92,72.75
5/17/23,2014.49,1989.66,1982.76,1958.46,-24.3,-16.29,20.1498719,2008.6165,1986.2782,1825.46645,4,4.83,130,5.5,4.12,3.57,102.61,4122.85,17.96,70.6
5/16/23,2011.05,2014.49,1989.66,1982.76,-6.9,-30.91,18.92857933,2009.164,1982.9286,1824.51155,4,4.83,124,5.58,4.06,3.54,102.43,4127.95,17.54,71.32
5/15/23,2016.33,2011.05,2014.49,1989.66,-24.83,-72.79,15.06246756,2009.962,1979.4148,1823.53405,4,4.83,126,5.64,3.99,3.5,102.71,4126.65,17.44,70.04
5/12/23,2031.49,2016.33,2011.05,2014.49,3.44,-64.38,20.64571357,2008.937,1976.053,1822.4079,4,4.83,124,5.79,3.98,3.46,102.1,4138.54,16.83,71.42
5/11/23,2036.38,2031.49,2016.33,2011.05,-5.28,-75.79,23.00638851,2008.6045,1972.9394,1821.2275,4,4.83,117,5.81,3.89,3.39,101.41,4132.24,16.8,72.77
5/10/23,2021.35,2036.38,2031.49,2016.33,-15.16,-71.48,25.41909626,2009.7865,1969.3694,1820.1132,4,4.83,120,5.5,3.9,3.43,101.62,4143.74,17.58,73.58
5/9/23,2016.87,2021.35,2036.38,2031.49,-4.89,-61.21,26.21542059,2009.1225,1965.4728,1818.7743,4,4.83,112,5.56,4.01,3.53,101.4,4124.25,17.29,72.84
5/8/23,2049.98,2016.87,2021.35,2036.38,15.03,-51.61,25.3015406,2007.5415,1961.2588,1817.3763,4,4.83,111,5.51,4,3.52,101.28,4136.98,17.73,71.35
5/5/23,2052.04,2049.98,2016.87,2021.35,4.48,-39,25.40470667,2006.0995,1957.1768,1816.1301,4,4.83,112,5.59,3.92,3.44,101.34,4084.73,19.5,68.7
5/4/23,2016,2052.04,2049.98,2016.87,-33.11,-91.52,26.32043558,2005.6395,1953.0606,1814.87655,4,4.83,114,5.76,3.75,3.37,101.2,4082.55,19.17,68.16
5/3/23,1981.31,2016,2052.04,2049.98,-2.06,-69.28,21.03443634,2003.53,1948.5284,1813.4019,4,4.83,115,4.7,3.89,3.38,101.86,4122.25,17.82,71.56
5/2/23,1989.78,1981.31,2016,2052.04,36.04,-26.34,10.52073741,2001.947,1943.9912,1811.83605,4,4.83,118,4.56,3.97,3.44,102.15,4164.1,16.27,75.76
5/1/23,1987.09,1989.78,1981.31,2016,34.69,33.18,8.45891929,2002.235,1940.3844,1810.34615,4,4.83,117,4.49,4.14,3.59,101.67,4166.79,16.41,76.66
4/28/23,1991.69,1987.09,1989.78,1981.31,-8.47,21.27,7.333016963,2002.416,1937.5946,1809.0349,4.9,4.83,113,4.35,4.04,3.44,101.47,4129.63,17.21,74.91
4/27/23,2000.22,1991.69,1987.09,1989.78,2.69,29.24,7.714105695,2001.4,1934.6518,1807.72325,4.9,4.83,119,4.27,4.07,3.53,101.4,4075.29,18.43,74.38
4/26/23,1995.51,2000.22,1991.69,1987.09,-4.6,39.8,15.28974834,2000.9725,1931.5978,1806.38055,4.9,4.83,115,3.91,3.9,3.43,101.82,4087.78,18.66,77.08
4/25/23,1983.2,1995.51,2000.22,1991.69,-8.53,36.16,15.72301512,1999.553,1928.4962,1804.8996,4.9,4.83,112,4.11,3.86,3.4,101.26,4126.43,17.62,78.74
4/24/23,2005.13,1983.2,1995.51,2000.22,4.71,25.84,15.6673163,1998.1415,1925.5926,1803.44855,4.9,4.83,110,3.54,4.12,3.52,101.72,4132.07,18.22,77.97
4/21/23,1993.71,2005.13,1983.2,1995.51,12.31,33.67,15.88473481,1996.2745,1922.7714,1802.0123,4.9,4.83,114,3.36,4.17,3.57,101.8,4132.14,17.51,77.13
4/20/23,2005.62,1993.71,2005.13,1983.2,-21.93,44.85,14.08124446,1996.052,1920.4176,1800.63265,4.9,4.83,115,3.4,4.14,3.54,101.99,4130.48,16.85,78.87
4/19/23,1993.99,2005.62,1993.71,2005.13,11.42,58.33,14.07557621,1995.366,1917.5624,1799.1659,4.9,4.83,109,3.95,4.24,3.6,101.71,4139.33,17.3,80.92
4/18/23,2004.4,1993.99,2005.62,1993.71,-11.91,10.38,13.83102631,1994.165,1915.1906,1797.85775,4.9,4.83,112,3.89,4.19,3.58,102.1,4164.26,16.94,81
4/17/23,2039.97,2004.4,1993.99,2005.62,11.63,-12.68,14.25915082,1991.0315,1912.5396,1796.45675,4.9,4.83,106,4.09,4.18,3.6,101.58,4137.17,17.58,82.48
4/14/23,2018.21,2039.97,2004.4,1993.99,-10.41,-14.62,15.68656949,1990.1635,1910.031,1795.15375,4.9,4.83,113,4.29,4.08,3.52,101,4140.11,17.94,82.4
4/13/23,2004.76,2018.21,2039.97,2004.4,-35.57,-52.88,20.33414982,1989.349,1907.2618,1793.8435,4.9,4.83,109,4.08,3.96,3.45,101.47,4100.04,18.83,83.22
4/12/23,1992.51,2004.76,2018.21,2039.97,21.76,-26.52,18.36492094,1983.423,1904.761,1792.35335,4.9,4.83,114,4.27,3.95,3.41,102.13,4121.72,19.38,81.44
4/11/23,2007.67,1992.51,2004.76,2018.21,13.45,-4.54,20.5891282,1978.572,1903.4596,1790.9626,4.9,4.83,108,4.27,4.03,3.43,102.52,4110.29,19.08,79.88
4/10/23,2007.79,2007.67,1992.51,2004.76,12.25,3,21.47151708,1973.4915,1901.913,1789.7862,4.9,4.83,106,4.53,4,3.41,102.1,4085.2,19.39,80.5
4/7/23,2020.38,2007.79,2007.67,1992.51,-15.16,-24.47,23.95377514,1969.4795,1900.507,1788.86945,4.9,4.83,100,4.56,3.97,3.39,101.83,4081.15,19.3,80.37
4/6/23,2021.76,2020.38,2007.79,2007.67,-0.12,-2.66,23.09917076,1962.461,1898.913,1787.8834,4.9,4.58,98,4.57,3.82,3.3,101.83,4081.15,19.3,80.37
4/5/23,1984.93,2021.76,2020.38,2007.79,-12.59,-26.67,21.89273875,1953.6475,1897.3662,1786.8778,4.9,4.58,102,4.62,3.79,3.3,101.52,4094.5,19.42,81.01
4/4/23,1969.46,1984.93,2021.76,2020.38,-1.38,-16.14,18.02674371,1943.3925,1895.9274,1785.87055,4.9,4.58,103,4.66,3.84,3.35,102.01,4128.03,18.79,80.44
4/3/23,1978.54,1969.46,1984.93,2021.76,36.83,9.06,13.91733807,1933.003,1894.234,1784.85395,4.9,4.58,105,4.7,3.97,3.43,102.59,4102.2,19.79,80.1
3/31/23,1963.3,1978.54,1969.46,1984.93,15.47,34.94,13.21887997,1926.0765,1893.1628,1784.04735,5,4.58,86,4.74,4.06,3.48,102.2,4056.18,19.21,74.37
3/30/23,1971.99,1963.3,1978.54,1969.46,-9.08,61.43,14.38451189,1920.372,1892.2952,1783.33775,5,4.58,95,4.74,4.1,3.55,102.62,4046.74,19.12,72.98
3/29/23,1958.17,1971.99,1963.3,1978.54,15.24,54.91,21.1963819,1913.3365,1891.3656,1782.56855,5,4.58,97,4.34,4.08,3.57,102.49,3999.53,19.39,73.61
3/28/23,1978.75,1958.17,1971.99,1963.3,-8.69,32.77,25.57675646,1907.0045,1890.2394,1781.9354,5,4.58,98,4.24,4.02,3.55,102.75,3974.13,20.53,72.86
3/27/23,1991.41,1978.75,1958.17,1971.99,13.82,34.34,31.23716305,1899.689,1888.9758,1781.2324,5,4.57,92,4.22,3.94,3.53,103.12,3982.93,22.05,69.42
3/24/23,1969.69,1991.41,1978.75,1958.17,-20.58,28.92,33.99466658,1892.643,1888.1726,1780.6374,5,4.57,92,4.28,3.76,3.38,102.6,3939.21,22.11,69.51
3/23/23,1942.95,1969.69,1991.41,1978.75,-12.66,16.38,41.22590535,1884.2585,1887.0054,1779.9449,5,4.57,92,4.26,3.76,3.38,102.5,3959.21,21.54,69.95
3/22/23,1976.63,1942.95,1969.69,1991.41,21.72,50.69,49.07765642,1875.8565,1885.1396,1779.2429,5,4.57,100,4.16,3.96,3.48,103.2,4002.04,21.8,69.48
3/21/23,1988.11,1976.63,1942.95,1969.69,26.74,78.81,56.61615597,1868.631,1883.2868,1778.56395,5,4.57,92,4.07,4.17,3.59,103.31,3975.89,24.16,67.62
3/20/23,1921.45,1988.11,1976.63,1942.95,-33.68,8.3,62.18358752,1863.2665,1881.9734,1777.90415,5,4.57,92,4.34,3.92,3.47,103.86,3917.47,27.77,66.62
3/17/23,1921.19,1921.45,1988.11,1976.63,-11.48,-18.65,56.59442929,1856.526,1879.8504,1777.1259,5,4.57,85,4.31,3.81,3.39,104.41,3958.69,22.92,68.26
3/16/23,1903.15,1921.19,1921.45,1988.11,66.66,57.09,42.85789127,1849.2525,1877.4108,1776.5434,5,4.58,83,4.22,4.14,3.56,104.62,3878.93,26.19,68.22
3/15/23,1912.27,1903.15,1921.19,1921.45,0.26,42.11,39.46504101,1844.8995,1875.6378,1776.1716,5,4.57,89,4.23,3.93,3.51,103.74,3876.74,23.21,71.56
3/14/23,1867.3,1912.27,1903.15,1921.19,18.04,68.84,33.62500764,1840.6705,1874.314,1775.82975,5,4.57,79,4.47,4.2,3.64,103.67,3894.01,26.85,74.7
3/13/23,1831.52,1867.3,1912.27,1903.15,-9.12,45.9,29.15124651,1838.265,1872.9836,1775.5821,5,4.58,41,4.62,4.03,3.55,104.39,3835.12,24.05,76.6
3/10/23,1815.28,1831.52,1867.3,1912.27,44.97,111.45,17.7744362,1835.374,1871.3244,1775.21895,5,4.58,81,4.81,4.6,3.7,105.13,3912.77,23.34,75.65
3/9/23,1813.97,1815.28,1831.52,1867.3,35.78,159.89,15.00405708,1835.2845,1870.4556,1775.13795,5,4.58,115,4.83,4.9,3.93,105.62,3998.66,19.33,76.5
3/8/23,1846.4,1813.97,1815.28,1831.52,16.24,154.41,15.07928089,1836.827,1870.1252,1775.32955,5,4.58,107,4.77,5.05,3.98,105.67,3987.55,19.71,77.32
3/7/23,1855.37,1846.4,1813.97,1815.28,1.31,128.98,14.44196359,1839.819,1869.9368,1775.4834,5,4.58,118,4.8,5,3.97,104.3,4048.26,18.64,80.5
3/6/23,1837.83,1855.37,1846.4,1813.97,-32.43,130.23,13.48466471,1842.774,1869.9066,1775.59575,5,4.58,114,4.75,4.89,3.98,104.53,4055.15,19.05,79.92
3/3/23,1836.66,1837.83,1855.37,1846.4,-8.97,132.74,12.98899432,1843.882,1869.0174,1775.62635,5,4.58,114,4.75,4.86,3.97,104.94,3998.02,19.76,77.89
3/2/23,1825.68,1836.66,1837.83,1855.37,17.54,83.62,10.76778967,1844.4105,1867.8816,1775.6169,5,4.58,108,4.75,4.89,4.08,104.39,3938.68,21.41,77.74
3/1/23,1817.25,1825.68,1836.66,1837.83,1.17,84.53,10.53210272,1848.2655,1866.991,1775.69295,5,4.58,117,4.67,4.89,4.01,105.04,3963.34,20.39,76.85
2/28/23,1811.06,1817.25,1825.68,1836.66,10.98,77.47,10.52826904,1854.0895,1866.5566,1775.7801,6,4.58,103,4.65,4.81,3.92,104.63,3977.19,21.3,75.76
2/27/23,1823.37,1811.06,1817.25,1825.68,8.43,95.02,13.15280604,1859.177,1866.3886,1775.9889,6,4.57,108,4.67,4.78,3.92,105.26,3992.36,21.99,76.42
2/24/23,1825.18,1823.37,1811.06,1817.25,6.19,56.24,13.67298212,1864.425,1865.7902,1776.17235,6,4.58,109,4.68,4.78,3.95,104.56,3973.24,21.35,75.6
2/23/23,1835.66,1825.18,1823.37,1811.06,-12.31,8.15,13.46812867,1870.2705,1865.4316,1776.3497,6,4.58,106,4.66,4.66,3.88,104.5,4018.6,21.96,73.92
2/22/23,1841.82,1835.66,1825.18,1823.37,-1.81,-9.9,13.29096774,1875.6245,1864.4956,1776.4437,6,4.58,109,4.62,4.66,3.93,104.13,4001.83,23.03,76.11
2/21/23,1842.64,1841.82,1835.66,1825.18,-10.48,-21.69,14.21335088,1881.7875,1864.1458,1776.39875,6,4.58,100,4.63,4.67,3.95,103.91,4052.35,21.8,76.53
2/20/23,1834.39,1842.64,1841.82,1835.66,-6.16,4.58,14.82416406,1886.859,1863.627,1776.29355,6,4.58,104,4.63,4.63,3.87,104.2,4077.39,20.94,78.07
2/17/23,1836.61,1834.39,1842.64,1841.82,-0.82,12.73,14.77417431,1891.3365,1862.4328,1776.2169,6,4.33,107,4.64,4.6,3.82,104.2,4077.39,20.94,78.07
2/16/23,1855.04,1836.61,1834.39,1842.64,8.25,3.44,14.11992068,1895.5085,1861.527,1776.05915,6,4.33,105,4.66,4.62,3.86,103.88,4114.75,18.26,78.54
2/15/23,1854.45,1855.04,1836.61,1834.39,-2.22,0.05,20.14149559,1900.392,1860.6258,1775.9907,6,4.33,111,4.64,4.62,3.81,103.21,4119.5,19.37,78.83
2/14/23,1865.51,1854.45,1855.04,1836.61,-18.43,-29.36,31.18484748,1903.911,1859.6362,1776.07835,6,4.33,105,4.63,4.6,3.77,103.22,4126.7,20.72,79.06
2/13/23,1862.37,1865.51,1854.45,1855.04,0.59,-37.2,33.37810054,1906.5995,1857.9566,1775.9714,6,4.33,107,4.66,4.52,3.72,103.58,4096.62,21.66,79.94
2/10/23,1875.12,1862.37,1865.51,1854.45,-11.06,-54.45,33.12677863,1909.7775,1856.2532,1775.9728,6,4.33,112,4.66,4.5,3.74,103.26,4068.92,20.74,77.68
2/9/23,1873.07,1875.12,1862.37,1865.51,3.14,-39,33.29166235,1912.5215,1854.9036,1776.06455,6,4.33,111,4.66,4.48,3.67,103.43,4144.25,19.24,78.45
2/8/23,1868.56,1873.07,1875.12,1862.37,-12.75,-49.94,31.8831097,1914.309,1853.703,1776.1247,6,4.33,106,4.64,4.45,3.63,103.27,4153.47,18.88,77.49
2/7/23,1865.94,1868.56,1873.07,1875.12,2.05,-37.41,32.44841143,1914.4055,1851.6702,1776.2195,6,4.33,103,4.62,4.47,3.67,103.54,4105.35,19.54,74.57
2/6/23,1914.93,1865.94,1868.56,1873.07,4.51,-26.74,29.8603439,1914.616,1849.1856,1776.1965,6,4.33,99,4.61,4.44,3.63,103.01,4119.57,19.23,73.23
2/3/23,1953.14,1914.93,1865.94,1868.56,2.62,-23.3,23.94830778,1914.712,1846.6406,1776.1701,6,4.33,104,4.61,4.3,3.53,101.83,4136.69,18.57,75.92
2/2/23,1927.43,1953.14,1914.93,1865.94,-48.99,-80.54,11.57200976,1914.7215,1844.4138,1776.32515,6,4.33,99,4.62,4.09,3.4,100.85,4158.68,17.74,76.79
2/1/23,1922.21,1927.43,1953.14,1914.93,-38.21,-116.53,9.930462896,1910.615,1841.2258,1776.2285,6,4.33,106,4.59,4.09,3.39,102.1,4070.07,19.62,79.06
1/31/23,1927.97,1922.21,1927.43,1953.14,25.71,-72.39,10.55693711,1905.708,1837.2078,1775.89145,6.4,4.33,98,4.58,4.21,3.52,102.19,4020.85,20.12,77.91
1/30/23,1930.45,1927.97,1922.21,1927.43,5.22,-67.76,12.35527872,1901.168,1833.4834,1775.78745,6.4,4.33,109,4.6,4.25,3.55,101.92,4049.27,19.76,80.04
1/27/23,1948.44,1930.45,1927.97,1922.21,-5.76,-62.46,12.61050272,1896.523,1829.8106,1775.6741,6.4,4.33,120,4.61,4.19,3.52,101.72,4053.72,18.9,81.22
1/26/23,1937.09,1948.44,1930.45,1927.97,-2.48,-68.08,12.75447586,1891.3175,1826.272,1775.69405,6.4,4.33,113,4.61,4.17,3.49,101.58,4036.08,19.05,80.48
1/25/23,1931.37,1937.09,1948.44,1930.45,-17.99,-73.32,15.32990701,1885.545,1822.8616,1775.79815,6.4,4.33,111,4.67,4.11,3.46,102.01,3982.71,19.56,80.26
1/24/23,1926.08,1931.37,1937.09,1948.44,11.35,-64.02,18.35427958,1878.416,1819.3716,1775.8407,6.4,4.33,104,4.7,4.12,3.46,101.99,4001.74,19.89,81.62
1/23/23,1932.06,1926.08,1931.37,1937.09,5.72,-62.81,20.22219913,1872.1845,1816.2462,1775.90455,6.4,4.33,96,4.69,4.21,3.52,101.99,3978.14,20.21,81.79
1/20/23,1906.99,1932.06,1926.08,1931.37,5.29,-60.14,22.03045067,1865.713,1813.0102,1776.1344,6.4,4.33,99,4.69,4.14,3.48,102.08,3909.04,20.28,80.6
1/19/23,1908.81,1906.99,1932.06,1926.08,-5.98,-17.13,23.32991489,1859.338,1809.9042,1776.378,6.4,4.33,100,4.69,4.09,3.39,102.38,3911.84,20.43,79.14
1/18/23,1918.01,1908.81,1906.99,1932.06,25.07,46.15,27.71152716,1852.4,1806.309,1776.5842,6.4,4.33,106,4.59,4.06,3.37,102.47,4002.25,19.28,80.97
1/17/23,1920.39,1918.01,1908.81,1906.99,-1.82,18.62,28.53550305,1847.7975,1802.3004,1776.9355,6.4,4.33,94,4.6,4.18,3.53,102.32,3999.28,19.89,80.1
1/16/23,1898.12,1920.39,1918.01,1908.81,-9.2,4.2,30.19546414,1843.221,1798.3562,1777.22165,6.4,4.33,100,4.59,4.2,3.51,102.21,3960.6,19,78.32
1/13/23,1877.05,1898.12,1920.39,1918.01,-2.38,7.58,29.23158507,1836.687,1793.488,1777.39645,6.4,4.33,110,4.58,4.22,3.49,102.21,3960.6,19,78.32
1/12/23,1877.28,1877.05,1898.12,1920.39,22.27,32.33,25.02811672,1830.324,1788.7062,1777.53235,6.4,4.33,107,4.57,4.12,3.43,103.06,3977.57,21.56,77.7
1/11/23,1870.48,1877.28,1877.05,1898.12,21.07,71.39,23.4861369,1824.2465,1783.3392,1777.70715,6.4,4.33,110,4.42,4.2,3.54,103.22,3932.35,20.8,74.78
1/10/23,1866.13,1870.48,1877.28,1877.05,-0.23,59.81,24.58514829,1820.7785,1778.4758,1777.94145,6.4,4.33,109,4.41,4.24,3.61,103.29,3888.57,22.22,74.86
1/9/23,1832.8,1866.13,1870.48,1877.28,6.8,60.89,22.4807597,1817.4005,1773.8676,1778.1585,6.4,4.33,106,4.37,4.19,3.53,103.91,3910.82,21.75,73.47
1/6/23,1855,1832.8,1866.13,1870.48,4.35,59.95,20.76043858,1812.982,1769.1082,1778.46405,6.4,4.33,114,4.32,4.24,3.55,105.05,3823.37,22.69,73.97
1/5/23,1836.63,1855,1832.8,1866.13,33.33,99.26,17.70328419,1809.543,1764.6796,1778.7574,6.4,4.33,107,4.3,4.45,3.71,104.07,3839.74,22.2,73.25
1/4/23,1829.31,1836.63,1855,1832.8,-22.2,51.99,19.16031037,1807.3695,1761.2614,1779.2773,6.4,3.83,108,4.2,4.36,3.69,104.58,3840.36,22.93,77.25
1/3/23,1823.86,1829.31,1836.63,1855,18.37,72.18,13.82173795,1803.976,1757.5072,1779.6722,6.4,3.83,105,4.17,4.4,3.79,103.66,3853.29,23.09,80.57
1/2/23,1815,1823.86,1829.31,1836.63,7.32,88.7,11.29964999,1800.6975,1753.831,1780.0714,6.4,3.83,95,4.15,4.4,3.84,103.95,3829.06,21.83,78.73
12/30/22,1805.86,1815,1823.86,1829.31,5.45,96.53,11.63883084,1797.696,1750.2808,1780.5456,6.5,3.83,67,4.12,4.41,3.88,103.95,3829.06,21.83,78.73
12/29/22,1812.46,1805.86,1815,1823.86,8.86,83.12,10.73015357,1796.4045,1746.9556,1781.21825,6.5,3.83,94,4.04,4.34,3.83,104.37,3805.45,22.25,78.82
12/28/22,1801.94,1812.46,1805.86,1815,9.14,71.19,12.98957142,1795.7715,1743.1964,1781.94005,6.5,3.83,99,3.86,4.31,3.88,104.33,3829.56,21.47,79.89
12/27/22,1798.58,1801.94,1812.46,1805.86,-6.6,64.82,13.09161547,1794.1525,1739.6248,1782.6418,6.5,3.83,109,3.87,4.32,3.84,104.12,3843.34,21.67,79.9
12/26/22,1793.3,1798.58,1801.94,1812.46,10.52,68.54,12.83551566,1790.9715,1736.424,1783.1772,6.5,3.83,108,3.85,4.31,3.8,104.39,3815.11,22.17,78.18
12/23/22,1814.94,1793.3,1798.58,1801.94,3.36,67.55,13.99056607,1787.94,1733.3986,1783.84515,6.5,3.83,107,3.8,4.31,3.75,104.39,3815.11,22.17,78.18
12/22/22,1817.28,1814.94,1793.3,1798.58,5.28,39.5,13.99094215,1785.741,1730.3102,1784.4597,6.5,3.83,99,3.8,4.24,3.67,104.22,3853.26,20.08,78.43
12/21/22,1787.33,1817.28,1814.94,1793.3,-21.64,40.06,14.19217488,1783.8525,1727.716,1785.21345,6.5,3.83,98,3.9,4.21,3.68,103.95,3839.49,21.25,75.99
12/20/22,1793.13,1787.33,1817.28,1814.94,-2.34,19.35,13.08649448,1780.7175,1724.9072,1785.77365,6.5,3.83,99,3.89,4.25,3.69,104.73,3810.47,23.17,75.7
12/19/22,1776.57,1793.13,1787.33,1817.28,29.95,41.98,12.39438744,1776.914,1721.8412,1786.2788,6.5,3.83,91,3.95,4.25,3.57,104.84,3853.79,22.63,74.5
12/16/22,1807.69,1776.57,1793.13,1787.33,-5.8,30.73,14.05276964,1774.476,1719.5004,1787.10395,6.5,3.83,99,3.94,4.17,3.48,104.45,3890.91,23.26,76.37
12/15/22,1809.72,1807.69,1776.57,1793.13,16.56,38.43,14.32132602,1772.3715,1717.5318,1788.07825,6.5,3.83,104,3.95,4.23,3.44,103.67,3958.37,21.52,77.37
12/14/22,1782.11,1809.72,1807.69,1776.57,-31.12,-1.83,14.18865447,1771.5395,1716.2364,1789.17345,6.5,3.83,101,3.91,4.23,3.49,104.07,4015.54,22.83,75.27
12/13/22,1797.35,1782.11,1809.72,1807.69,-2.03,2.74,13.94777884,1769.852,1714.4508,1790.0854,6.5,3.83,100,3.89,4.22,3.51,104.99,4069.38,25.24,73.29
12/12/22,1789.33,1797.35,1782.11,1809.72,27.61,19.83,16.46513033,1768.407,1712.7694,1791.25595,6.5,3.83,97,3.86,4.39,3.61,104.93,3939.29,24.4,71.79
12/9/22,1787.13,1789.33,1797.35,1782.11,-15.24,1.23,20.8713963,1767.78,1711.1464,1792.33935,6.5,3.83,102,3.81,4.33,3.57,104.86,3954.17,22.55,71.85
12/8/22,1771.06,1787.13,1789.33,1797.35,8.02,3.97,20.80357982,1766.4515,1708.4114,1793.206,6.5,3.83,99,3.75,4.31,3.48,105.2,3947.79,22.81,72.38
12/7/22,1769.28,1771.06,1787.13,1789.33,2.2,27.81,20.6986108,1764.6,1705.9128,1793.93415,6.5,3.83,103,3.79,4.26,3.42,105.63,3933.28,22.32,74.55
12/6/22,1798.03,1769.28,1771.06,1787.13,16.07,46.22,20.45946315,1760.5715,1703.2998,1794.6443,6.5,3.83,110,3.87,4.34,3.51,105.16,3996.63,20.69,77.35
12/5/22,1802.34,1798.03,1769.28,1771.06,1.78,18.05,21.87642983,1757.5985,1700.4554,1795.50115,6.5,3.83,107,3.93,4.41,3.6,104.51,4052.02,20.3,79.99
12/2/22,1773.48,1802.34,1798.03,1769.28,-28.75,-4.9,23.12385457,1752.8645,1697.6288,1796.1868,6.5,3.83,108,3.91,4.28,3.51,104.82,4040.17,20.42,81.47
12/1/22,1748.84,1773.48,1802.34,1798.03,-4.31,-25.77,19.1003381,1747.028,1694.5462,1796.64255,6.5,3.83,99,4.04,4.25,3.53,105.7,4087.14,20.83,80.4
11/30/22,1741.31,1748.84,1773.48,1802.34,28.86,34.21,10.35197163,1738.3995,1691.9554,1797.1631,7.1,3.83,92,4.07,4.38,3.68,106.72,3957.18,21.7,79
11/29/22,1754.6,1741.31,1748.84,1773.48,24.64,60.88,10.46008758,1731.4195,1689.8304,1797.85,7.1,3.83,95,4.08,4.48,3.75,106.57,3964.19,22.09,76.54
11/28/22,1755.53,1754.6,1741.31,1748.84,7.53,40.8,13.82791255,1726.321,1688.183,1798.59715,7.1,3.83,97,4.11,4.46,3.69,106.06,4005.36,22.09,75.93
11/25/22,1752.24,1755.53,1754.6,1741.31,-13.29,42.75,13.62385428,1720.881,1686.8746,1799.43825,7.1,3.08,105,4.16,4.42,3.68,105.96,4023.34,20.61,77.51
11/24/22,1741.21,1752.24,1755.53,1754.6,-0.93,33.8,14.15911803,1715.386,1685.2872,1800.15205,7.1,3.08,105,4.14,4.44,3.7,107.08,4000.3,21.49,81.08
11/23/22,1738.57,1741.21,1752.24,1755.53,3.29,34.89,14.29248598,1710.704,1683.4274,1800.87485,7.1,3.08,108,4.12,4.46,3.71,107.08,4000.3,21.49,81.08
11/22/22,1751.04,1738.57,1741.21,1752.24,11.03,29.85,21.95379127,1706.4565,1682.3356,1801.4629,7.1,3.08,99,3.97,4.47,3.76,107.7,3965.51,22.59,80.22
11/21/22,1759.93,1751.04,1738.57,1741.21,2.64,30.71,25.6302189,1702.037,1681.5546,1802.02225,7.1,3.08,94,3.97,4.48,3.83,106.97,3956.23,24.05,80.3
11/18/22,1773.94,1759.93,1751.04,1738.57,-12.47,46.99,35.35657952,1697.6985,1681.2916,1802.6852,7.1,3.08,102,3.93,4.51,3.82,106.69,3966.39,24.03,82.09
11/17/22,1780.82,1773.94,1759.93,1751.04,-8.89,42.41,40.5538487,1693.0265,1680.6172,1803.22345,7.1,3.08,99,3.93,4.43,3.77,106.27,3919.26,24.05,85.22
11/16/22,1769.57,1780.82,1773.94,1759.93,-14.01,-0.46,52.04338152,1686.382,1679.6334,1803.5584,7.1,3.08,98,3.81,4.35,3.67,106.58,3976.82,24.29,86.89
11/15/22,1770.78,1769.57,1780.82,1773.94,-6.88,-31.98,56.13219255,1679.049,1678.4874,1803.85245,7.1,3.08,97,3.77,4.37,3.8,107,4006.41,23.77,85.25
11/14/22,1752.3,1770.78,1769.57,1780.82,11.25,-28.26,53.57506034,1672.629,1676.941,1804.0783,7.1,3.08,99,3.72,4.4,3.88,106.48,3977.97,23.99,89.02
11/11/22,1706.56,1752.3,1770.78,1769.57,-1.21,-16.18,50.60169454,1666.684,1675.83,1804.34095,7.1,3.08,98,3.72,4.36,3.86,108.24,3963.72,23.89,86.27
11/10/22,1711.6,1706.56,1752.3,1770.78,18.48,3.23,41.4637393,1660.353,1674.6644,1804.5268,7.1,3.08,97,3.71,4.34,3.82,110.3,3859.89,26.51,85.85
11/9/22,1674.6,1711.6,1706.56,1752.3,45.74,45.68,30.190204,1655.9175,1673.5684,1804.7941,7.1,3.08,100,3.65,4.61,4.12,109.65,3810.94,25.34,88.57
11/8/22,1681.3,1674.6,1711.6,1706.56,-5.04,29.61,26.07705609,1654.3145,1673.614,1805.3008,7.1,3.08,101,3.66,4.67,4.14,110.06,3817.02,24.71,91.87
11/7/22,1629.77,1681.3,1674.6,1711.6,37,63.97,18.19744552,1651.9335,1673.8502,1805.74665,7.1,3.08,99,3.78,4.72,4.22,110.79,3780.71,25.67,91
11/4/22,1633.88,1629.77,1681.3,1674.6,-6.7,69.74,16.47655577,1651.718,1675.1528,1806.36325,7.1,3.08,105,3.73,4.66,4.17,112.97,3766.98,25.63,87.9
11/3/22,1646.87,1633.88,1629.77,1681.3,51.53,130.16,12.81755398,1652.388,1676.2888,1806.9173,7.1,3.08,97,3.75,4.71,4.14,112.17,3733.25,25.98,89.35
11/2/22,1632.51,1646.87,1633.88,1629.77,-4.11,140.06,13.26807195,1656.4895,1678.8272,1807.75505,7.1,3.08,103,3.7,4.61,4.1,111.54,3852.9,26.04,88.62
11/1/22,1644.7,1632.51,1646.87,1633.88,-12.99,133.95,14.16259392,1660.716,1681.171,1808.6957,7.1,3.08,108,3.72,4.54,4.07,111.52,3901.79,25.96,86.43
10/31/22,1661.89,1644.7,1632.51,1646.87,14.36,137.06,14.26617153,1664.655,1683.1568,1809.70975,7.7,3.08,82,3.73,4.51,4.1,110.67,3881.85,26.91,88.39
10/28/22,1667.29,1661.89,1644.7,1632.51,-12.19,126.08,13.26152283,1668.0775,1685.213,1810.76505,7.7,3.08,107,3.75,4.41,4.02,110.5,3808.26,27.43,88.67
10/27/22,1652.82,1667.29,1661.89,1644.7,-17.19,90.41,13.28364663,1668.8725,1687.259,1811.71445,7.7,3.08,103,3.76,4.3,3.96,109.62,3834.69,27.51,88.26
10/26/22,1651.8,1652.82,1667.29,1661.89,-5.4,39.27,13.47225383,1668.998,1689.192,1812.60005,7.7,3.08,99,3.54,4.39,4.04,110.96,3825.97,28.44,85.07
10/25/22,1657.6,1651.8,1652.82,1667.29,14.47,58.78,14.67162022,1668.4575,1691.147,1813.4565,7.7,3.08,103,3.56,4.42,4.1,111.82,3799.44,29.8,84.88
10/24/22,1627.04,1657.6,1651.8,1652.82,1.02,22.8,15.3048476,1667.2585,1693.6018,1814.26405,7.7,3.08,99,3.57,4.5,4.25,111.88,3762.01,30.65,85.24
10/21/22,1627.28,1627.04,1657.6,1651.8,-5.8,23.7,16.44580125,1666.066,1696.1372,1815.10115,7.7,3.08,99,3.55,4.49,4.21,112.94,3657.1,30.21,85.07
10/20/22,1652.42,1627.28,1627.04,1657.6,30.56,2.73,21.0895335,1665.381,1699.023,1815.9003,7.7,3.08,92,3.58,4.62,4.24,112.99,3689.05,31.3,85.94
10/19/22,1650.67,1652.42,1627.28,1627.04,-0.24,6.6,24.52471019,1667.669,1702.266,1816.8709,7.7,3.08,104,3.31,4.55,4.14,111.92,3703.11,30.94,83.69
10/18/22,1644.16,1650.67,1652.42,1627.28,-25.14,-5.55,25.71365517,1669.6665,1705.556,1817.8613,7.7,3.08,103,3.25,4.43,4.01,112.07,3746.26,31.1,85.7
10/17/22,1663.59,1644.16,1650.67,1652.42,1.75,-18.16,28.96413769,1670.369,1708.3908,1818.7036,7.7,2.33,103,3.3,4.45,4.02,113.22,3638.65,32.27,85.59
10/14/22,1674.5,1663.59,1644.16,1650.67,6.51,0.54,27.28028641,1671.63,1711.1626,1819.45785,7.7,2.33,110,3.3,4.48,4,112.47,3690.41,31.89,89.27
10/13/22,1663.98,1674.5,1663.59,1644.16,-19.43,-1.7,24.80823734,1673.1835,1713.7788,1820.2191,7.7,2.33,106,3.35,4.47,3.97,113.24,3520.37,33.6,87.08
10/12/22,1670.29,1663.98,1674.5,1663.59,-10.91,-7.21,24.71921945,1673.131,1716.3764,1820.8592,7.7,2.33,110,3.07,4.28,3.91,113.31,3590.83,33.54,88.67
10/11/22,1694.7,1670.29,1663.98,1674.5,10.52,-11.16,26.45165781,1674.2885,1718.1606,1821.5381,7.7,2.33,104,3.07,4.3,3.93,113.08,3595.86,33.56,91.14
10/10/22,1711.8,1694.7,1670.29,1663.98,-6.31,-18.49,31.6354383,1676.1975,1720.0166,1822.2876,7.7,2.33,108,3.04,4.3,3.91,112.75,3647.51,32.93,93.48
10/7/22,1718.41,1711.8,1694.7,1670.29,-24.41,-37.1,36.07851976,1678.954,1722.053,1822.9575,7.7,2.33,113,3.03,4.3,3.89,112.25,3706.74,30.37,88.93
10/6/22,1725.65,1718.41,1711.8,1694.7,-17.1,-84.76,37.17863588,1680.085,1723.4822,1814.484,7.7,2.33,109,3.05,4.23,3.83,111.02,3771.97,28.6,88.08
10/5/22,1700.96,1725.65,1718.41,1711.8,-6.61,-91.13,34.72572004,1680.032,1724.3472,1805.925,7.7,2.33,104,2.89,4.15,3.76,110.23,3753.25,29.36,86.37
10/4/22,1660.6,1700.96,1725.65,1718.41,-7.24,-73.23,30.2856473,1679.9435,1724.7564,1797.33295,7.7,2.33,107,2.91,4.1,3.62,111.59,3726.46,29.52,83.22
10/3/22,1664.4,1660.6,1700.96,1725.65,24.69,-50.29,21.63949632,1678.836,1724.6038,1788.7047,7.7,2.33,115,2.87,4.12,3.67,112.17,3609.78,33,81.02
9/30/22,1656.48,1664.4,1660.6,1700.96,40.36,-16.44,17.23799112,1679.489,1724.9658,1780.1999,8.2,2.33,90,2.79,4.22,3.83,111.75,3633.48,31.61,81.74
9/29/22,1628.84,1656.48,1664.4,1660.6,-3.8,-0.81,18.22154308,1682.084,1726.3028,1771.8969,8.2,2.33,103,2.78,4.16,3.76,113.01,3687.01,31.67,81.9
9/28/22,1627.95,1628.84,1656.48,1664.4,7.92,18.02,18.15741664,1683.739,1727.3858,1763.5749,8.2,2.33,110,2.63,4.07,3.72,114.19,3651.94,34.5,78.08
9/27/22,1643.9,1627.95,1628.84,1656.48,27.64,35.14,22.08449934,1686.357,1728.1662,1755.2925,8.2,2.33,111,2.71,4.3,3.97,114.02,3686.44,31.2,76.47
9/26/22,1672.8,1643.9,1627.95,1628.84,0.89,42.34,22.07859637,1691.0855,1729.7896,1747.1483,8.2,2.33,111,2.73,4.27,3.88,113.02,3682.72,31.74,79.23
9/23/22,1667.23,1672.8,1643.9,1627.95,-15.95,50.8,23.3327964,1696.6745,1731.3958,1739.00855,8.2,2.33,109,2.67,4.2,3.69,111.24,3727.14,27.68,83.54
9/22/22,1666.47,1667.23,1672.8,1643.9,-28.9,39,22.62634377,1701.3845,1732.6632,1730.78905,8.2,2.33,99,2.73,4.11,3.7,111.48,3782.36,28.16,83.07
9/21/22,1675.89,1666.47,1667.23,1672.8,5.57,51.18,23.28777135,1705.579,1733.4428,1722.42505,8.2,2.33,99,2.59,4.02,3.51,110.16,3871.4,28.03,84.25
9/20/22,1675.23,1675.89,1666.47,1667.23,0.76,59.18,23.14577293,1709.771,1734.7398,1714.0889,8.2,2.33,91,2.57,3.96,3.57,109.58,3875.23,25.65,85.61
9/19/22,1662.54,1675.23,1675.89,1666.47,-9.42,25.07,20.92915003,1713.7555,1735.9188,1705.75655,8.2,2.33,93,2.62,3.95,3.49,109.64,3849.91,27.69,85.21
9/16/22,1697.65,1662.54,1675.23,1675.89,0.66,-14.63,19.75008906,1716.727,1737.0688,1697.3771,8.2,2.33,96,2.68,3.85,3.45,109.8,3880.95,27.47,85.16
9/15/22,1702.16,1697.65,1662.54,1675.23,12.69,1.86,17.40496765,1720.3155,1738.4112,1689.00095,8.2,2.33,96,2.76,3.87,3.45,109.61,3932.41,26.1,88.91
9/14/22,1725.42,1702.16,1697.65,1662.54,-35.11,-41.17,9.251091527,1725.1155,1739.9992,1680.68825,8.2,2.33,95,2.54,3.78,3.41,109.93,3940.73,26.73,87.94
9/13/22,1717.32,1725.42,1702.16,1697.65,-4.51,-73.32,8.247913137,1728.485,1740.8474,1672.2,8.2,2.33,94,2.55,3.75,3.42,108.23,4037.12,23.67,88.09
9/12/22,1710.74,1717.32,1725.42,1702.16,-23.26,-97.47,8.490117719,1732.155,1742.1938,1663.6892,8.2,2.33,93,2.62,3.58,3.37,108.6,4083.67,23.58,86.25
9/9/22,1716.64,1710.74,1717.32,1725.42,8.1,-73.42,11.49305394,1734.8125,1743.8686,1655.0621,8.2,2.33,101,2.57,3.56,3.33,109.54,4022.94,23.49,82.8
9/8/22,1703.5,1716.64,1710.74,1717.32,6.58,-37.94,13.73545356,1739.041,1745.7314,1646.4755,8.2,2.33,94,2.57,3.48,3.29,109.67,3959.94,24.7,81.91
9/7/22,1714.02,1703.5,1716.64,1710.74,-5.9,-49.41,18.4663845,1742.9635,1747.65,1637.9218,8.2,2.33,97,2.3,3.45,3.27,110.32,3909.43,26.93,86.93
9/6/22,1712.5,1714.02,1703.5,1716.64,13.14,-37.03,20.62715319,1746.7205,1749.6958,1629.3386,8.2,2.33,94,2.44,3.5,3.33,109.6,3930.89,25.46,86.84
9/5/22,1697.5,1712.5,1714.02,1703.5,-10.52,-38.13,20.2001418,1751.2535,1751.9946,1620.8211,8.2,2.33,97,2.47,3.45,3.27,109.64,3994.66,25.51,86.56
9/2/22,1708.84,1697.5,1712.5,1714.02,1.52,-37.27,19.58179245,1755.0155,1754.1864,1612.251,8.2,2.33,100,2.49,3.4,3.2,109.64,3994.66,25.51,86.56
9/1/22,1723.41,1708.84,1697.5,1712.5,15,-34.96,19.00419942,1758.139,1756.4872,1603.6885,8.2,2.33,100,2.53,3.51,3.26,108.84,3936.73,26.88,88.83
8/31/22,1739.73,1723.41,1708.84,1697.5,-11.34,-11.19,15.27952603,1762.9375,1759.0312,1595.201,8.3,2.33,86,2.4,3.45,3.15,108.75,4000.67,25.86,92.31
8/30/22,1738.1,1739.73,1723.41,1708.84,-14.57,-21.25,12.4130793,1765.681,1761.5878,1586.6568,8.3,2.33,90,2.43,3.46,3.11,108.7,4041.25,25.75,96.9
8/29/22,1756.69,1738.1,1739.73,1723.41,-16.32,-14.31,12.76813869,1767.3495,1763.7474,1578.03975,8.3,2.33,89,2.45,3.42,3.12,108.84,4034.58,26.86,92.96
8/26/22,1751.07,1756.69,1738.1,1739.73,1.63,-20.78,14.62315686,1768.9685,1765.7362,1569.3411,8.3,2.33,98,2.39,3.37,3.04,108.47,4198.74,22.07,93.06
8/25/22,1746.16,1751.07,1756.69,1738.1,-18.59,-45.95,19.44942798,1770.3715,1767.7792,1560.6506,8.3,2.32,96,2.42,3.35,3.03,108.63,4153.26,22.41,95.35
8/24/22,1735.32,1746.16,1751.07,1756.69,5.62,-34.43,21.17922787,1770.2895,1769.6656,1551.86715,8.3,2.33,94,2.29,3.36,3.11,108.52,4126.55,24.37,93.78
8/23/22,1747,1735.32,1746.16,1751.07,4.91,-42.66,22.13078813,1769.6795,1771.3222,1543.1118,8.3,1.58,91,2.28,3.29,3.05,109,4133.09,24.13,90.55
8/22/22,1758.54,1747,1735.32,1746.16,10.84,-21.3,21.85311076,1768.2725,1772.6188,1534.381,8.3,1.58,91,2.27,3.32,3.03,108.1,4195.08,22.41,89.65
8/19/22,1765.04,1758.54,1747,1735.32,-11.68,-34.5,17.56139545,1767.4595,1774.332,1525.7044,8.3,1.58,94,2.23,3.25,2.98,107.5,4266.31,20.16,90.39
8/18/22,1775.56,1765.04,1758.54,1747,-11.54,-61.04,13.6792391,1766.482,1776.8242,1516.9694,8.3,1.58,91,2.23,3.22,2.88,106.68,4273.13,20.51,87.39
8/17/22,1778.57,1775.56,1765.04,1758.54,-6.5,-56.2,11.30652953,1764.4825,1778.5952,1508.1767,8.3,1.58,92,2.22,3.28,2.89,106.45,4280.4,19.74,87.1
8/16/22,1801.89,1778.57,1775.56,1765.04,-10.52,-52.15,11.57707908,1761.0055,1780.3508,1499.3515,8.3,1.58,94,2.26,3.25,2.82,106.48,4290.46,20.23,87.93
8/15/22,1789.19,1801.89,1778.57,1775.56,-3.01,-38.84,14.48317092,1757.728,1781.912,1490.4737,8.3,1.58,97,2.27,3.2,2.79,105.67,4269.37,20.74,91.94
8/12/22,1791.78,1789.19,1801.89,1778.57,-23.32,-63.79,14.860604,1754.2125,1783.1334,1481.58085,8.3,1.58,97,2.23,3.25,2.84,105.16,4225.02,20.34,94.09
8/11/22,1794.16,1791.78,1789.19,1801.89,12.7,-32.5,14.01379039,1749.4815,1784.1176,1472.5714,8.3,1.58,94,2.24,3.23,2.87,105.21,4227.4,19.84,91.55
8/10/22,1789.26,1794.16,1791.78,1789.19,-2.59,-40.71,15.3895558,1745.611,1785.7306,1463.62545,8.3,1.58,93,2.24,3.23,2.78,106.34,4181.02,22.28,90.51
8/9/22,1774.97,1789.26,1794.16,1791.78,-2.38,-48,18.11765082,1742.626,1786.816,1454.66655,8.3,1.58,90,2.23,3.28,2.8,106.34,4133.11,21.41,90.69
8/8/22,1793.47,1774.97,1789.26,1794.16,4.9,-53.94,22.51385598,1739.189,1787.6616,1445.69575,8.3,1.58,89,2.23,3.21,2.77,106.58,4155.93,21.74,88.46
8/5/22,1763.71,1793.47,1774.97,1789.26,14.29,-27.97,24.23892966,1736.3955,1788.9268,1436.74945,8.3,1.58,91,2.21,3.24,2.83,105.72,4115.87,21.5,88.06
8/4/22,1756.78,1763.71,1793.47,1774.97,-18.5,-34.93,24.7207757,1734.7645,1790.497,1427.8746,8.3,1.58,91,2.19,3.03,2.68,106.48,4154.85,22.06,90.95
8/3/22,1772.11,1756.78,1763.71,1793.47,29.76,1.33,21.59794445,1732.188,1791.6884,1418.90725,8.3,1.58,92,2.2,3.1,2.73,106.43,4107.96,23.86,93.83
8/2/22,1766.16,1772.11,1756.78,1763.71,6.93,18.78,25.03087926,1731.0055,1793.496,1410.0887,8.3,1.58,95,2.22,3.06,2.75,105.36,4104.21,24.08,93.75
8/1/22,1755.05,1766.16,1772.11,1756.78,-15.33,6.46,25.24206225,1731.6405,1795.7092,1401.3048,8.3,1.58,93,2.22,2.9,2.6,105.83,4112.38,22.41,98.46
7/29/22,1738.87,1755.05,1766.16,1772.11,5.95,35.73,21.83653719,1733.493,1797.3458,1392.44425,8.5,1.58,86,2.22,2.89,2.67,106.21,4087.33,22.13,97.3
7/28/22,1718.02,1738.87,1755.05,1766.16,11.11,34.14,17.14816103,1735.708,1798.9532,1383.61345,8.5,1.58,90,2.2,2.85,2.68,106.37,4026.13,23.33,98.17
7/27/22,1719.06,1718.02,1738.87,1755.05,16.18,52.91,11.93226071,1738.289,1800.6956,1374.8382,8.5,1.58,98,2.14,2.96,2.78,107.13,3951.43,24.27,95.6
7/26/22,1727.45,1719.06,1718.02,1738.87,20.85,76.14,10.56843497,1742.292,1802.242,1366.14385,8.5,1.58,97,2.17,3.02,2.81,106.45,3953.22,23.95,96.33
7/25/22,1718.55,1727.45,1719.06,1718.02,-1.04,70.2,11.06644558,1747.313,1804.174,1357.55375,8.5,1.58,94,2.14,3,2.81,106.55,3965.72,24.33,95.1
7/22/22,1695.5,1718.55,1727.45,1719.06,-8.39,47.52,12.41840252,1752.5405,1806.3226,1348.95845,8.5,1.58,96,2.15,2.98,2.77,106.59,3998.43,23.3,96.51
7/21/22,1710.01,1695.5,1718.55,1727.45,8.9,74.92,14.52979196,1757.545,1807.9954,1340.3212,8.5,1.58,96,2.15,3.1,2.91,107.09,3955.47,24.07,99.91
7/20/22,1708.26,1710.01,1695.5,1718.55,23.05,68.21,16.31829239,1762.8525,1810.0384,1331.72845,8.5,1.58,95,1.92,3.25,3.04,106.67,3935.32,24.23,103.6
7/19/22,1707.27,1708.26,1710.01,1695.5,-14.51,46.77,14.63966545,1769.911,1813.2112,1323.25095,8.5,1.58,90,1.93,3.23,3.01,107.49,3860.73,25.12,102
7/18/22,1711.78,1707.27,1708.26,1710.01,1.75,63.85,19.14428203,1775.98,1815.684,1314.7009,8.5,1.58,97,1.96,3.15,2.96,107.98,3883.79,24.83,97.27
7/15/22,1732.08,1711.78,1707.27,1708.26,0.99,58.89,29.49833029,1782.5255,1818.6134,1306.1596,8.5,1.58,97,1.98,3.13,2.93,108.67,3818,26.72,96.39
7/14/22,1725.42,1732.08,1711.78,1707.27,-4.51,43.27,33.98211157,1789.1745,1822.1452,1297.62325,8.5,0.83,91,1.99,3.15,2.96,108.2,3763.99,27.47,96.57
7/13/22,1733.39,1725.42,1732.08,1711.78,-20.3,6.79,34.86073737,1796.136,1825.3976,1289.06435,8.5,0.83,96,1.78,3.13,2.91,108.19,3779.67,27.35,95.89
7/12/22,1742.35,1733.39,1725.42,1732.08,6.66,-7.4,37.54274843,1801.227,1828.6376,1280.40395,8.5,0.83,98,1.63,3.03,2.96,108.18,3851.95,27.14,103.46
7/11/22,1741.94,1742.35,1733.39,1725.42,-7.97,-14.33,36.84610542,1805.5055,1831.4986,1271.77685,8.5,0.83,93,1.58,3.07,2.99,106.92,3880.94,26.42,104.79
7/8/22,1740.06,1741.94,1742.35,1733.39,-8.96,-14.9,35.43171178,1809.885,1834.0964,1263.1099,8.5,0.83,99,1.57,3.12,3.09,107.04,3888.26,26.41,102.22
7/7/22,1769.48,1740.06,1741.94,1742.35,0.41,-23.39,33.38940199,1816.348,1837.1884,1254.39815,8.5,0.83,92,1.55,3.03,3.01,107.07,3858.85,26.73,98.22
7/6/22,1809.16,1769.48,1740.06,1741.94,1.88,-44.56,28.17769419,1821.6055,1840.2616,1245.68845,8.5,0.83,95,1.36,2.97,2.93,106.49,3831.98,27.84,100.36
7/5/22,1810.46,1809.16,1769.48,1740.06,-29.42,-59.47,18.30796439,1827.2435,1843.175,1236.98815,8.5,0.83,94,1.33,2.82,2.82,105.14,3792.61,27.37,108.8
7/4/22,1806.67,1810.46,1809.16,1769.48,-39.68,-100.9,9.90874367,1831.4505,1845.918,1228.14075,8.5,0.83,92,1.3,2.83,2.85,104.78,3781,29.53,106.01
7/1/22,1818.93,1806.67,1810.46,1809.16,-1.3,-103.19,10.53110187,1832.9745,1847.7256,1219.09495,8.5,0.83,90,1.27,2.84,2.88,104.78,3781,29.53,106.01
6/30/22,1818.44,1818.93,1806.67,1810.46,3.79,-94.89,10.56483586,1835.0065,1850.1556,1210.04265,9.1,0.83,67,1.28,2.92,2.98,105.06,3785.99,29.42,109.7
6/29/22,1823.61,1818.44,1818.93,1806.67,-12.26,-86.85,10.51154017,1838.165,1853.0476,1201.0093,9.1,0.83,85,1.12,3.06,3.1,104.46,3825.09,28.8,111.86
6/28/22,1827.54,1823.61,1818.44,1818.93,0.49,-93.02,9.601085355,1839.521,1855.808,1191.91465,9.1,0.83,95,1.12,3.1,3.2,103.97,3913,26.9,110.18
6/27/22,1824.7,1827.54,1823.61,1818.44,-5.17,-90.22,11.01300751,1840.421,1858.4364,1182.82245,9.1,0.83,90,1.16,3.08,3.2,104.12,3920.76,28.3,107.22
6/24/22,1836.67,1824.7,1827.54,1823.61,-3.93,-85.19,11.26217169,1841.8665,1861.511,1173.7044,9.1,0.83,91,1.19,3.04,3.13,104.38,3821.75,29.07,103.99
6/23/22,1831.39,1836.67,1824.7,1827.54,2.84,-82.76,16.75423731,1843.1635,1864.4562,1164.5667,9.1,0.83,84,1.12,3.01,3.09,104.21,3774.71,29.29,104.42
6/22/22,1839.17,1831.39,1836.67,1824.7,-11.97,-96.61,16.56135676,1844.5805,1867.4282,1155.4432,9.1,0.83,85,0.98,3.06,3.16,104.43,3733.89,31.45,109.54
6/21/22,1840.25,1839.17,1831.39,1836.67,5.28,-61.91,17.16069246,1845.4515,1870.2398,1146.25985,9.1,0.83,67,1.08,3.21,3.31,104.44,3715.31,30.63,110.58
6/20/22,1851.01,1840.25,1839.17,1831.39,-7.78,-30.01,17.37134179,1847.254,1872.9328,1137.1029,9.1,0.83,70,1.12,3.2,3.27,103.88,3665.9,32.84,117.08
6/17/22,1833.9,1851.01,1840.25,1839.17,-1.08,-29.79,17.3630351,1847.9925,1875.2088,1127.90705,9.1,0.83,84,1.15,3.17,3.25,103.88,3665.9,32.84,117.08
6/16/22,1810.99,1833.9,1851.01,1840.25,-10.76,-44.34,17.56608298,1848.3065,1877.3552,1118.7058,9.1,0.83,80,1.19,3.14,3.28,104.9,3728.18,30.35,115.98
6/15/22,1820.98,1810.99,1833.9,1851.01,17.11,-14.97,19.40068696,1847.8645,1878.9966,1109.45075,9.1,0.83,83,1.21,3.2,3.33,105.35,3764.05,32.39,119.07
6/14/22,1871.61,1820.98,1810.99,1833.9,22.91,7.45,18.9934095,1846.979,1880.7968,1100.28125,9.1,0.83,81,1.19,3.45,3.49,105.19,3763.52,33.01,121.09
6/13/22,1847.09,1871.61,1820.98,1810.99,-9.99,2.63,15.01344986,1847.1605,1882.9908,1091.2263,9.1,0.83,75,1.13,3.4,3.43,104.21,3838.15,31.37,120.19
6/10/22,1852.82,1847.09,1871.61,1820.98,-50.63,-44.07,11.36043529,1847.436,1885.203,1082.1214,9.1,0.83,76,1.1,3.06,3.15,103.34,3974.39,26.26,121.46
6/9/22,1853.62,1852.82,1847.09,1871.61,24.52,-22.39,9.122323047,1844.41,1886.2668,1072.76335,9.1,0.83,79,1.05,2.83,3.04,102.56,4101.65,24.29,122.43
6/8/22,1839.64,1853.62,1852.82,1847.09,-5.73,-16.15,9.086560589,1843.0905,1888.0606,1063.5279,9.1,0.83,79,0.89,2.78,3.03,102.39,4147.12,24.37,119.79
6/7/22,1851.1,1839.64,1853.62,1852.82,-0.8,-22.23,9.125866534,1843.1565,1889.6838,1054.2638,9.1,0.83,82,0.87,2.75,2.98,102.49,4096.47,25.54,119.1
6/6/22,1869.84,1851.1,1839.64,1853.62,13.98,-0.47,10.51105471,1842.158,1890.9408,1044.9957,9.1,0.83,85,0.88,2.73,3.04,102.17,4134.72,25.37,120.82
6/3/22,1846.05,1869.84,1851.1,1839.64,-11.46,-10.85,9.513003031,1842.9125,1892.631,1035.7975,9.1,0.33,85,0.87,2.66,2.96,101.75,4137.57,24.91,117.55
6/2/22,1836.44,1846.05,1869.84,1851.1,-18.74,-18.83,9.763279333,1844.5505,1894.7768,1026.542,9.1,0.33,83,0.85,2.65,2.92,102.55,4095.41,25.73,114.8
6/1/22,1852.52,1836.44,1846.05,1869.84,23.79,-12.15,8.391030926,1844.7785,1896.5672,1017.1928,9.1,0.33,85,0.77,2.66,2.94,101.76,4149.78,26.05,115.4
5/31/22,1853.48,1852.52,1836.44,1846.05,9.61,-25.45,13.76822687,1847.18,1898.5704,1007.96255,8.6,0.33,76,0.73,2.53,2.85,101.44,4151.09,27.47,114.96
5/30/22,1853.04,1853.48,1852.52,1836.44,-16.08,-31.54,17.06491514,1848.7815,1900.2324,998.78035,8.6,0.33,78,0.72,2.5,2.8,101.72,4077.43,27.5,114.2
5/27/22,1854.09,1853.04,1853.48,1852.52,-0.96,18.13,17.82677041,1849.3195,1901.8926,989.51775,8.6,0.33,79,0.69,2.47,2.74,101.72,4077.43,27.5,114.2
5/26/22,1867.44,1854.09,1853.04,1853.48,0.44,-5.95,19.92159465,1851.493,1903.2528,980.25035,8.6,0.33,81,0.71,2.46,2.75,102.02,3984.6,28.42,110.69
5/25/22,1853.94,1867.44,1854.09,1853.04,-1.05,-1.27,19.93475759,1853.621,1905.073,970.98515,8.6,0.33,85,0.58,2.48,2.75,101.77,3929.59,29.33,110.39
5/24/22,1846.53,1853.94,1867.44,1854.09,-13.35,-13.82,19.93999245,1855.203,1906.5308,961.7147,8.6,0.33,82,0.55,2.5,2.76,102.11,3942.94,29.43,110.41
5/23/22,1842.17,1846.53,1853.94,1867.44,13.5,-14.3,16.45225807,1857.1625,1907.5482,952.3775,8.6,0.33,82,0.55,2.65,2.86,103.03,3927.02,28.98,110.56
5/20/22,1816.19,1842.17,1846.53,1853.94,7.41,4.57,16.57103862,1859.4425,1909.5166,943.1078,8.6,0.33,82,0.63,2.6,2.78,102.9,3927.76,28.78,111.45
5/19/22,1814.62,1816.19,1842.17,1846.53,4.36,27.67,23.11340458,1863.714,1912.3458,933.87515,8.6,0.33,76,0.65,2.63,2.84,103.83,3899,31.24,109.09
5/18/22,1826.49,1814.62,1816.19,1842.17,25.98,29.86,26.15316342,1869.169,1915.4146,924.6643,8.6,0.33,75,0.56,2.68,2.89,103.34,4051.98,26.74,113.66
5/17/22,1811.09,1826.49,1814.62,1816.19,1.57,21.82,29.9346359,1876.207,1918.8924,915.58335,8.6,0.33,80,0.61,2.71,2.98,104.17,4052,27.07,113.87
5/16/22,1820.7,1811.09,1826.49,1814.62,-11.87,26.03,28.3066166,1882.969,1923.4766,906.51025,8.6,0.33,84,0.64,2.58,2.88,104.47,4013.02,30.01,110.98
5/13/22,1854.14,1820.7,1811.09,1826.49,15.4,42.39,26.95812061,1890.5115,1926.9226,897.3778,8.6,0.33,84,0.67,2.61,2.93,104.77,3963.9,31.09,106.65
5/12/22,1833.65,1854.14,1820.7,1811.09,-9.61,32.34,24.70028799,1898.697,1930.1144,888.32235,8.6,0.33,81,0.61,2.56,2.84,104.01,3903.95,33.74,105.63
5/11/22,1854.73,1833.65,1854.14,1820.7,-33.44,-0.05,21.05493407,1906.327,1932.3996,879.21885,8.6,0.33,78,0.59,2.66,2.91,103.9,3990.08,32.87,99
5/10/22,1883.86,1854.73,1833.65,1854.14,20.49,33.79,20.4527636,1912.4825,1933.9,869.94815,8.6,0.33,72,0.57,2.62,2.99,103.73,4035.18,33.66,102.65
5/9/22,1874.4,1883.86,1854.73,1833.65,-21.08,-0.79,16.70635012,1919.102,1936.0756,860.7799,8.6,0.33,75,0.51,2.61,3.05,103.66,4081.27,31.9,110.43
5/6/22,1894.08,1874.4,1883.86,1854.73,-29.13,-37.33,14.3049954,1924.014,1937.1092,851.50625,8.6,0.33,81,0.48,2.72,3.12,103.56,4128.17,32.23,108.7
5/5/22,1868.47,1894.08,1874.4,1883.86,9.46,-32.23,20.09953631,1927.1995,1937.2156,842.08695,8.6,0.33,74,0.49,2.71,3.05,102.68,4270.43,25.97,107.58
5/4/22,1863.28,1868.47,1894.08,1874.4,-19.68,-77.89,26.45720253,1930.1335,1937.8566,832.71495,8.6,0.33,77,0.49,2.66,2.93,103.46,4181.18,29.12,103.5
5/3/22,1896.95,1863.28,1868.47,1894.08,25.61,-53.85,31.96256449,1931.625,1938.1922,823.24455,8.6,0.33,79,0.48,2.78,2.97,103.6,4159.78,31.76,105.08
5/2/22,1895.6,1896.95,1863.28,1868.47,5.19,-36.79,31.80870183,1934.236,1938.7882,813.9022,8.6,0.33,77,0.41,2.73,2.99,103.21,4130.61,33.35,104
4/29/22,1885.73,1895.6,1896.95,1863.28,-33.67,-85.86,32.13769198,1937.6515,1939.7132,804.5858,8.3,0.33,76,0.37,2.7,2.89,103.67,4253.75,28.97,105.17
4/28/22,1906.63,1885.73,1895.6,1896.95,1.35,-74.9,33.91846983,1939.044,1939.7214,795.10105,8.3,0.33,81,0.37,2.63,2.85,103.04,4222.58,29.91,102.11
4/27/22,1899.54,1906.63,1885.73,1895.6,9.87,-31.59,33.30121312,1941.103,1939.8112,785.62305,8.3,0.33,78,0.37,2.58,2.82,102.28,4186.52,31.11,101.76
4/26/22,1931.96,1899.54,1906.63,1885.73,-20.9,-72.98,28.77188481,1943.5155,1939.4936,776.1944,8.3,0.33,73,0.38,2.54,2.77,101.73,4278.14,27.38,98.64
4/25/22,1951.27,1931.96,1899.54,1906.63,7.09,-44.81,24.69105166,1944.0075,1938.4226,766.66125,8.3,0.33,78,0.4,2.63,2.81,101.12,4255.34,30.04,101.38
4/22/22,1956.95,1951.27,1931.96,1899.54,-32.42,-48.1,15.05864255,1945.238,1937.855,757.16355,8.3,0.33,74,0.46,2.72,2.9,100.62,4385.83,22.71,104.07
4/21/22,1949.86,1956.95,1951.27,1931.96,-19.31,-76.87,12.23886455,1946.5595,1936.3896,747.50375,8.3,0.33,70,0.5,2.68,2.9,100.35,4489.17,20.24,102.5
4/20/22,1977.34,1949.86,1956.95,1951.27,-5.68,-62.87,15.14006253,1946.964,1933.9026,737.7474,8.3,0.33,71,0.35,2.6,2.85,100.98,4472.26,21.13,103.05
4/19/22,1974.8,1977.34,1949.86,1956.95,7.09,-81.39,19.17041749,1946.427,1931.4186,727.96265,8.3,0.33,70,0.37,2.61,2.93,100.83,4390.63,22.55,107.75
4/18/22,1973.3,1974.8,1977.34,1949.86,-27.48,-114.06,22.424183,1944.911,1928.9412,718.21335,8.3,0.33,76,0.38,2.46,2.85,100.5,4385.63,24.52,107.03
4/15/22,1977.25,1973.3,1974.8,1977.34,2.54,-77.85,21.95281455,1942.8205,1925.8364,708.32665,8.3,0.08,75,0.38,2.46,2.84,99.79,4449.12,21.72,104.2
4/14/22,1966.04,1977.25,1973.3,1974.8,1.5,-77.7,21.39401422,1940.155,1922.4994,698.45265,8.3,0.08,71,0.37,2.47,2.83,99.79,4449.12,21.72,104.2
4/13/22,1952.97,1966.04,1977.25,1973.3,-3.95,-91.52,19.03624251,1938.6925,1919.1486,688.58615,8.3,0.08,77,0.26,2.37,2.7,100.34,4394.3,23.52,100.91
4/12/22,1947.57,1952.97,1966.04,1977.25,11.21,-59.41,14.33680613,1936.179,1915.7616,678.6999,8.3,0.08,80,0.21,2.39,2.72,100.04,4437.59,24.94,95.17
4/11/22,1933.08,1947.57,1952.97,1966.04,13.07,-53.43,11.52926537,1933.7925,1912.4562,668.8697,8.3,0.08,80,0.22,2.5,2.79,99.84,4462.64,23.09,98.4
4/8/22,1923.91,1933.08,1947.57,1952.97,5.4,-15.61,9.102769786,1933.762,1909.3552,659.10485,8.3,0.08,77,0.2,2.53,2.72,99.82,4494.15,21.25,97.17
4/7/22,1920.69,1923.91,1933.08,1947.57,14.49,18.19,11.76826448,1935.783,1906.246,649.367,8.3,0.08,78,0.21,2.47,2.66,99.65,4474.65,21.97,97.16
4/6/22,1931.59,1920.69,1923.91,1933.08,9.17,33.04,14.94324359,1938.9095,1903.5308,639.7016,8.3,0.08,77,0.21,2.5,2.61,99.47,4494.17,21.27,101.24
4/5/22,1924.8,1931.59,1920.69,1923.91,3.22,29.17,15.09715411,1942.218,1901.4928,630.08205,8.3,0.08,79,0.18,2.51,2.54,99,4572.45,18.79,103.66
4/4/22,1936.78,1924.8,1931.59,1920.69,-10.9,45.75,15.22416358,1948.375,1900.0726,620.4786,8.3,0.08,78,0.18,2.43,2.42,98.57,4547.97,20.75,98.95
4/1/22,1933.98,1936.78,1924.8,1931.59,6.79,50,15.17335417,1951.735,1898.3122,610.82065,8.3,0.08,78,0.15,2.44,2.39,98.34,4540.32,20.62,101.23
3/31/22,1916.47,1933.98,1936.78,1924.8,-11.98,36.52,15.46648563,1954.029,1896.5078,601.19665,8.5,0.08,57,0.17,2.28,2.32,97.83,4599.02,19.68,107.45
3/30/22,1924.15,1916.47,1933.98,1936.78,2.8,43.27,15.71833964,1953.938,1894.5524,591.51275,8.5,0.08,80,0.16,2.31,2.35,98.37,4624.2,19.38,105.24
3/29/22,1958.39,1924.15,1916.47,1933.98,17.51,49.57,15.96807165,1953.697,1892.6444,581.84285,8.5,0.08,83,0.18,2.35,2.41,99.08,4602.86,19.7,103.47
3/28/22,1959.36,1958.39,1924.15,1916.47,-7.68,28.82,15.73697659,1954.995,1890.6016,572.2605,8.5,0.08,77,0.19,2.35,2.46,98.81,4541.09,22.14,112.92
3/25/22,1946.21,1959.36,1958.39,1924.15,-34.24,-10.82,16.02190917,1954.108,1888.503,562.63975,8.5,0.08,78,0.17,2.3,2.48,98.75,4522.91,21.87,111.75
3/24/22,1919.54,1946.21,1959.36,1958.39,-0.97,-26.28,21.83983048,1950.6475,1885.6838,552.8478,8.5,0.08,74,0.16,2.13,2.34,98.64,4469.98,23.61,114.47
3/23/22,1935.53,1919.54,1946.21,1959.36,13.15,-22.3,27.47395739,1948.002,1882.9198,543.051,8.5,0.08,74,0.15,2.13,2.32,98.48,4493.1,23.04,108.85
3/22/22,1921.49,1935.53,1919.54,1946.21,26.67,1.15,30.99925347,1946.2345,1880.5028,533.31995,8.5,0.08,76,0.2,2.18,2.38,98.49,4469.1,24.02,112.9
3/21/22,1944.05,1921.49,1935.53,1919.54,-15.99,-3.94,41.06958297,1945.171,1878.5296,523.72225,8.5,0.08,76,0.22,2.14,2.32,98.24,4462.4,25.14,105.13
3/18/22,1926.98,1944.05,1921.49,1935.53,14.04,3.31,41.47389311,1943.871,1875.8494,514.0446,8.5,0.08,72,0.19,1.97,2.14,98,4407.34,26.36,103.62
3/17/22,1918.31,1926.98,1944.05,1921.49,-22.56,-7.27,38.13398653,1942.6645,1873.3478,504.43715,8.5,0.08,73,0.2,1.94,2.2,98.5,4345.11,26.51,95.34
3/16/22,1952.36,1918.31,1926.98,1944.05,17.07,7,38.9958472,1940.4665,1870.299,494.7169,8.5,0.08,74,0.24,1.95,2.19,98.89,4288.14,29.02,95.23
3/15/22,1987.99,1952.36,1918.31,1926.98,8.67,-1.84,38.72158974,1937.61,1867.965,485.082,8.5,0.08,76,0.22,1.85,2.15,99.13,4188.82,33.13,102.28
3/14/22,1995.61,1987.99,1952.36,1918.31,-34.05,-28.21,35.62038507,1934.3485,1865.8764,475.49045,8.5,0.08,72,0.23,1.87,2.14,99.13,4202.75,31.03,109.42
3/11/22,1990.08,1995.61,1987.99,1952.36,-35.63,-29.6,41.31506833,1930.2885,1862.9146,465.72865,8.5,0.08,73,0.17,1.75,2,98.36,4279.5,30.43,105.99
3/10/22,2043.83,1990.08,1995.61,1987.99,-7.62,-36.25,47.83434239,1923.8235,1823.1548,455.7887,8.5,0.08,72,0.19,1.72,1.98,98.06,4252.55,33.03,110.41
3/9/22,1998.79,2043.83,1990.08,1995.61,5.53,-43.87,48.78279388,1915.389,1783.2426,445.81065,8.5,0.08,71,0.18,1.68,1.94,99.12,4223.1,33.74,124.66
3/8/22,1970.68,1998.79,2043.83,1990.08,-53.75,-124.29,48.19572808,1907.5225,1743.441,435.86025,8.5,0.08,69,0.16,1.63,1.86,99.24,4202.66,36.19,120.67
3/7/22,1934.96,1970.68,1998.79,2043.83,45.04,-63.26,34.48159652,1896.6305,1702.5644,425.6411,8.5,0.08,71,0.17,1.55,1.78,98.57,4327.01,35.88,121.33
3/4/22,1929.16,1934.96,1970.68,1998.79,28.11,-49.19,24.40938437,1887.796,1662.5886,415.64715,8.5,0.08,72,0.15,1.5,1.74,98.04,4342.12,31.9,107.96
3/3/22,1942.43,1929.16,1934.96,1970.68,35.72,9.09,17.44366453,1879.6595,1623.175,405.79375,8.5,0.08,68,0.19,1.53,1.86,97.47,4401.31,30.52,111.33
3/2/22,1906.41,1942.43,1929.16,1934.96,5.8,-2.18,15.85972481,1873.1995,1584.4758,396.11895,8.5,0.08,70,0.13,1.5,1.86,97.37,4322.56,34.2,107.12
3/1/22,1889.18,1906.41,1942.43,1929.16,-13.27,-24.12,18.36428602,1867.1365,1545.8926,386.47315,8.5,0.08,64,0.11,1.31,1.72,96.77,4363.14,29.45,96.09
2/28/22,1906.45,1889.18,1906.41,1942.43,36.02,45.95,18.80261908,1860.0535,1507.044,376.761,7.9,0.08,65,0.06,1.44,1.83,96.54,4354.17,32.44,94.99
2/25/22,1910.86,1906.45,1889.18,1906.41,17.23,98.81,19.53020911,1854.629,1468.9158,367.22895,7.9,0.08,69,0.03,1.55,1.97,97,4298.38,31.68,93.32
2/24/22,1898.27,1910.86,1906.45,1889.18,-17.27,89.16,21.99770857,1849.7755,1431.1322,357.78305,7.9,0.08,64,0.05,1.54,1.96,96.22,4155.77,37.5,92.52
2/23/22,1909.53,1898.27,1910.86,1906.45,-4.41,79.22,27.96591674,1844.319,1393.0032,348.2508,7.9,0.08,72,0.02,1.58,1.99,96.04,4324.93,28.04,91.74
2/22/22,1897.36,1909.53,1898.27,1910.86,12.59,145.56,29.14233652,1839.8765,1354.786,338.6965,7.9,0.08,72,0.03,1.56,1.94,96.08,4332.74,31.8,91.75
2/21/22,1900.09,1897.36,1909.53,1898.27,-11.26,89.26,30.75819775,1837.447,1316.8206,329.20515,7.9,0.08,71,0.03,1.52,1.93,95.83,4384.57,26.66,91.63
2/18/22,1869.85,1900.09,1897.36,1909.53,12.17,73.32,28.92058723,1834.149,1278.63,319.6575,7.9,0.08,71,0.03,1.47,1.92,95.83,4384.57,26.66,91.63
2/17/22,1853.08,1869.85,1900.09,1897.36,-2.73,34.87,28.46127693,1831.01,1240.6828,310.1707,7.9,0.08,73,0.06,1.49,1.97,95.77,4456.06,24.83,90.9
2/16/22,1871.16,1853.08,1869.85,1900.09,30.24,59.31,24.1660539,1827.956,1202.681,300.67025,7.9,0.08,70,0.03,1.52,2.03,96.01,4455.75,25.19,92.21
2/15/22,1858.69,1871.16,1853.08,1869.85,16.77,89.35,22.83405887,1826.3925,1165.284,291.321,7.9,0.08,65,0.02,1.58,2.05,96.24,4429.28,28.09,94.83
2/14/22,1826.92,1858.69,1871.16,1853.08,-18.08,35.25,23.26013206,1824.455,1128.2224,282.0556,7.9,0.08,63,0.03,1.58,1.98,96.03,4412.61,29.17,93.91
2/11/22,1832.75,1826.92,1858.69,1871.16,12.47,30.49,18.50467884,1821.858,1090.7992,272.6998,7.9,0.08,67,0.03,1.5,1.92,95.94,4506.27,24.39,90
2/10/22,1825.99,1832.75,1826.92,1858.69,31.77,79.53,13.91648746,1819.795,1053.6254,263.40635,7.9,0.08,71,0.05,1.61,2.03,95.57,4553.24,20.37,90.01
2/9/22,1822.1,1825.99,1832.75,1826.92,-5.83,78.11,13.53720802,1819.507,1017.087,254.27175,7.9,0.08,70,0.04,1.36,1.94,95.59,4547,21.27,89.86
2/8/22,1807.95,1822.1,1825.99,1832.75,6.76,72.28,11.75769823,1819.1375,980.432,245.108,7.9,0.08,70,0.03,1.35,1.96,95.43,4480.02,23.09,91.64
2/7/22,1805.76,1807.95,1822.1,1825.99,3.89,87.43,17.00476195,1818.882,943.9122,235.97805,7.9,0.08,72,0.03,1.3,1.92,95.48,4505.75,24.09,91.82
2/4/22,1807.9,1805.76,1807.95,1822.1,14.15,89.41,19.78153261,1817.853,907.4702,226.86755,7.9,0.08,69,0.05,1.31,1.93,95.31,4482.79,23.77,90.19
2/3/22,1800.77,1807.9,1805.76,1807.95,2.19,94.33,20.86395818,1817.276,871.3112,217.8278,7.9,0.1,72,0.03,1.19,1.82,96.02,4535.41,22.63,87.98
2/2/22,1797.92,1800.77,1807.9,1805.76,-2.14,61.95,21.82637551,1816.5685,835.196,208.799,7.9,0.1,72,0.04,1.16,1.78,96.27,4566.39,21.56,88.35
2/1/22,1792.11,1797.92,1800.77,1807.9,7.13,52.31,22.32346511,1816.6875,799.038,199.7595,7.9,0.1,75,0.04,1.18,1.81,96.7,4519.57,24.57,88.15
1/31/22,1797.32,1792.11,1797.92,1800.77,2.85,73.24,21.30944206,1817.343,763.0226,190.75565,7.5,0.1,78,0.03,1.18,1.79,97.22,4431.79,28.36,87.45
1/28/22,1822.01,1797.32,1792.11,1797.92,5.81,66.58,19.52359055,1817.6605,727.0642,181.76605,7.5,0.1,82,0.04,1.15,1.78,97.25,4336.19,30.27,87.5
1/27/22,1849.68,1822.01,1797.32,1792.11,-5.21,29.6,16.1241765,1728.055,691.222,172.8055,7.5,0.1,80,0.04,1.18,1.81,96.55,4380.58,32.19,87.15
1/26/22,1843.57,1849.68,1822.01,1797.32,-24.69,10.74,12.51199251,1638.189,655.2756,163.8189,7.5,0.1,78,0.06,1.13,1.85,95.96,4408.43,29.35,85.26
1/25/22,1834.58,1843.57,1849.68,1822.01,-27.67,-23.69,12.31893285,1547.0885,618.8354,154.70885,7.5,0.1,78,0.05,1.02,1.78,95.93,4366.64,32.29,84.15
1/24/22,1839.01,1834.58,1843.57,1849.68,6.11,-21.47,10.51745723,1454.6045,581.8418,145.46045,7.5,0.1,75,0.05,0.99,1.75,95.64,4356.32,28.2,84.91
1/21/22,1838.58,1839.01,1834.58,1843.57,8.99,-26.63,11.68116532,1362.426,544.9704,136.2426,7.5,0.1,76,0.05,1.01,1.75,95.81,4471.38,25.38,84.57
1/20/22,1814.33,1838.58,1839.01,1834.58,-4.43,-33.25,13.62630544,1270.697,508.2788,127.0697,7.5,0.1,75,0.05,1.08,1.83,95.59,4547.35,23.46,86.23
1/19/22,1819.22,1814.33,1838.58,1839.01,0.43,-30.68,14.2719375,1178.7465,471.4986,117.87465,7.5,0.1,73,0.05,1.04,1.83,95.77,4588.03,23.12,86.61
1/18/22,1817.43,1819.22,1814.33,1838.58,24.25,-13.56,11.54487284,1086.8175,434.727,108.68175,7.5,0.1,71,0.05,1.06,1.87,95.22,4632.24,21.18,84.32
1/17/22,1821.16,1817.43,1819.22,1814.33,-4.89,-21.3,11.5348749,996.101,398.4404,99.6101,7.5,0.1,71,0.05,1.02,1.83,95.73,4637.99,20.11,81.73
1/14/22,1825.36,1821.16,1817.43,1819.22,1.79,-25.32,11.43108238,905.14,362.056,90.514,7.5,0.1,72,0.05,0.99,1.78,94.87,4637.99,20.11,81.73
1/13/22,1820.88,1825.36,1821.16,1817.43,-3.73,-23.84,,814.2685,325.7074,81.42685,7.5,0.1,71,0.05,0.91,1.7,94.99,4733.56,18.06,82.82
1/12/22,1801.52,1820.88,1825.36,1821.16,-4.2,-3.35,,723.2105,289.2842,72.32105,7.5,0.1,70,0.04,0.92,1.74,95.58,4728.59,18.17,81.38
1/11/22,1796.41,1801.52,1820.88,1825.36,4.48,28.8,,631.9425,252.777,63.19425,7.5,0.1,71,0.04,0.9,1.75,95.93,4669.14,19.62,78.42
1/10/22,1791.61,1796.41,1801.52,1820.88,19.36,42.05,,540.8985,216.3594,54.08985,7.5,0.1,71,0.05,0.92,1.78,95.74,4655.34,19.58,78.88
1/7/22,1810.28,1791.61,1796.41,1801.52,5.11,38.17,,450.8225,180.329,45.08225,7.5,0.1,71,0.05,0.87,1.76,96.26,4697.66,19.85,79.62
1/6/22,1813.88,1810.28,1791.61,1796.41,4.8,47.4,,361.002,144.4008,36.1002,7.5,0.1,73,0.04,0.88,1.73,96.2,4693.39,20.29,77.24
1/5/22,1804.27,1813.88,1810.28,1791.61,-18.67,28.3,,271.4215,108.5686,27.14215,7.5,0.1,74,0.05,0.83,1.71,96.31,4787.99,17.07,77.18
1/4/22,1815.73,1804.27,1813.88,1810.28,-3.6,0.45,,180.9075,72.363,18.09075,7.5,0.1,74,0.06,0.77,1.66,96.19,4804.51,16.57,76.02
1/3/22,1804.64,1829.05,1804.27,1813.88,9.61,14.95,,90.2135,36.0854,9.02135,7.5,0.1,74,0.05,0.78,1.63,95.67,4778.14,17.6,75.69