Name,Distance (ly),Luminosity (L/Lo),Radius (R/Ro),Temperature (K),Spectral Class
Altair,16.59417123707501,9.979192445462427,1.6326504020392336,7509.2942473638805,A7V
Deneb,2600.4907228269035,196002.62785575088,202.970526216013,8503.284796430231,A2Ia
Barnard's Star,6.052616358474774,4.893715684187678,0.22271101197217258,3165.9596392449016,M4Ve
Polaris,322.6010015236985,2196.241933606857,37.546813013740554,6048.326914763769,F7Ib
Barnard's Star,5.902391663373468,-1.4964862523273919,0.1923594077740656,3130.6020692351385,M4Ve
Sirius,8.370045208990435,25.62536254052454,1.7376163136938274,9903.971703749557,A1V
Fomalhaut,25.42303189349805,19.314803198342823,1.7634732970155798,8541.195355142636,A3V
Capella,42.56957816453575,77.46654686278187,12.015077077611398,4979.492462093153,G8III
Capella,43.260858866113374,76.75397466518646,11.926446347832353,4907.779548870081,G8III
Bellatrix,239.86410710431278,6399.344000391582,5.751378540226974,22573.286177203267,B2III
Castor,51.57021005818902,59.93364175572123,2.317294377415115,10334.140338882178,A1V
Altair,16.324631801826886,10.45707878952248,1.6385681357721884,7554.538238404283,A7V
Bellatrix,240.396008875072,6396.460553762988,5.702796835694758,22559.156170298847,B2III
Hadar,349.6510239295208,49995.691816097984,9.029686061904163,24977.138850418167,B1III
Betelgeuse,642.4036425044302,125997.20910038544,886.9436673356928,3472.6066444708454,M2Iab
Regulus,79.14834001968553,290.3679076360734,3.105720387017622,12478.930088621566,B7V
Regulus,78.8696975851003,292.77713927994625,3.2154445654455555,12493.540087369223,B7V
Mira,418.3541533597022,8700.111885115977,369.94647200932155,2929.214904446191,M7IIIe
Acrux,320.95215250850816,24995.853352250557,8.476536987947346,28016.58055121632,B0.5IV
Vega,25.40728672741662,45.02639994513558,2.3758185019255906,9589.720331802691,A0V
Betelgeuse,642.4501483192605,125997.82193788076,887.023713575872,3502.8036495770207,M2Iab
Lalande 21185,8.78389229917336,0.9306154071042486,0.36997218014157396,3420.0741335824846,M2.1V
Hadar,350.3393282903268,50002.885000950024,9.030531083873981,24972.4633828412,B1III
Regulus,79.23841041664882,283.3313068914609,3.1941978242994673,12471.609230270555,B7V
Regulus,78.51275351482992,289.1046797165257,3.093785398680339,12469.726650284285,B7V
Bellatrix,239.75802627864445,6402.532053023128,5.807903991855439,22628.845403711555,B2III
Sirius,8.997561546118135,27.612290603452433,1.7178118641359001,9965.640231971809,A1V
Arcturus,36.39116253215857,169.47569492442693,25.34766748214963,4306.771078623507,K1.5III
Alpha Centauri B,3.9259386007692,-2.5124238815560895,0.8971557531469336,5292.710091689776,K1V
Ross 154,9.584936005981074,-0.2622128873565414,0.09815009889642284,2788.6078755716367,M3.5V
Betelgeuse,642.1986705590544,125995.18267169305,887.0568849865539,3502.1107945651283,M2Iab
Sirius,8.790939416886154,29.685053444507503,1.778145234597857,9959.636695100216,A1V
Altair,16.97783483438638,8.978258642897934,1.6817677393535218,7546.77607407146,A7V
Regulus,79.37549284128201,287.2472405244145,3.0775092724640816,12466.383842658091,B7V
Lalande 21185,7.922999488356227,2.681120395944034,0.46518759639849927,3394.5169092653987,M2.1V
Canopus,309.65595488089645,10500.304364175136,70.9940908831198,7322.086648344391,A9II
Procyon,11.361710078531987,11.09891870112007,2.1252624415131467,6522.987352867349,F5IV-V
Capella,43.239838363858276,78.47758735453107,12.04168320043013,4903.922634597786,G8III
Barnard's Star,6.274309005192113,-4.612503609841812,0.27142011745919525,3164.7134904158015,M4Ve
Arcturus,36.23014602060893,167.67967953475542,25.372980607290035,4285.208656712724,K1.5III
Canopus,309.89434307337245,10497.613821111012,70.98540952072986,7395.822565906416,A9II
Altair,16.481723812762002,10.654505105436737,1.6979772339329253,7557.224465410894,A7V
Polaris,323.4890826975579,2197.4846549730764,37.5928890041696,6003.417411946257,F7Ib
Barnard's Star,6.210116619871699,3.922475110995184,0.20022109890664536,3104.152562146686,M4Ve
Castor,52.3208563941243,52.46460236565418,2.3580848977347673,10286.21254520186,A1V
Castor,51.687127344898485,57.564078324527344,2.4793370398018366,10314.20142645494,A1V
Bellatrix,240.3505524329565,6403.480526616087,5.803192364925976,22632.467298684776,B2III
Polaris,323.4772161689265,2202.925953103468,37.430399789571695,5986.795558342898,F7Ib
Castor,52.31788545862922,54.098680128048926,2.3832137598247782,10264.67768772168,A1V
Barnard's Star,5.5635565189978085,-3.4589548280686215,0.14953611720828194,3115.0666806206127,M4Ve
Vega,25.02265608280089,43.21333423901169,2.4233371866214184,9631.823941413108,A0V
Wolf 359,8.040322484690764,3.518164733709185,0.2159582033041309,2786.809004459221,M6V
Regulus,79.457885087804,284.3075843561486,3.1848771847975916,12429.346874442883,B7V
Polaris,322.7090337593032,2201.1895342191797,37.558280857740726,5986.9294428280555,F7Ib
Antares,549.8094446057289,10004.888893429817,679.9451981136416,3503.22033874066,M1.5Iab
Regulus,78.84980314077531,283.1518425898611,3.1746164987628713,12414.98856094767,B7V
Acrux,320.53588050006994,25000.424960003416,8.30013131527051,27969.950394242773,B0.5IV
Alnilam,1999.5922378259786,53697.14296034396,32.48838765422113,27489.295431556606,B0Ia
Bellatrix,239.79573031543998,6401.125654435876,5.829045687901594,22632.624354404084,B2III
Hadar,349.8378240849879,50002.534526391784,8.94744777918556,25006.352397614006,B1III
Rigil Kentaurus,4.039455513108716,0.2620564024777934,1.3098243183774203,5823.975302815448,G2V
Vega,25.32510113537497,44.01956664255118,2.338790440069123,9648.560925173246,A0V
Alnilam,2000.3720438244097,53702.88073058354,32.357275804804594,27504.394522638224,B0Ia
Ross 154,9.93913784187845,-3.6471413928808327,0.23960331933197554,2767.195283308996,M3.5V
Vega,24.53113047299527,38.00891382001232,2.4294754005156816,9615.603301550884,A0V
Alnilam,2000.4789929236533,53701.23908573748,32.473046207098115,27463.288997937103,B0Ia
Castor,51.78867651717732,57.40613996148579,2.4323768195012194,10276.929953106777,A1V
Betelgeuse,642.1530702565499,126000.10150499652,886.9045632911253,3462.1435724115922,M2Iab
Alnilam,1999.880482110407,53695.72165124452,32.35326480955992,27490.40560120546,B0Ia
Bellatrix,240.30865829394963,6398.706399629343,5.727504552499588,22561.66109433901,B2III
Hadar,349.98072783140907,50000.69303998948,8.940299046830283,25043.812798420327,B1III
Barnard's Star,6.102187239521027,-0.6905551570802375,0.2265784314346753,3158.9781846800365,M4Ve
Barnard's Star,6.098594827311291,-3.3303098730228937,0.12291605693194557,3144.711153515979,M4Ve
Spica,250.4596817064251,21996.281907685272,7.481964414843237,25371.671565613717,B1III-IV
Deneb,2600.219144334045,195996.44277808978,203.09713635797436,8512.606175957664,A2Ia
Bellatrix,239.80471588472972,6400.473393470613,5.678484912182976,22628.27195885336,B2III
Fomalhaut,25.040609497955693,20.8052240111299,1.8933606922604622,8570.329145806458,A3V
Rigil Kentaurus,4.0542023166505174,5.3173565377787355,1.1417731281419847,5802.341326578711,G2V
Vega,25.145088627017778,35.23872230380841,2.3238256403915494,9614.217107611483,A0V
Canopus,309.5332875345678,10502.614219521176,71.06798014581466,7323.458433377934,A9II
Ross 154,9.61921476063749,-3.572031571628307,0.0978087615313327,2796.4035456819356,M3.5V
Betelgeuse,642.0262242230878,125998.59509722542,886.939182195466,3543.743725665777,M2Iab
Altair,17.004752557357463,15.509653584166163,1.5741356101164594,7589.01886160571,A7V
Procyon,10.930399214053109,8.573241191737985,1.9730986292291883,6548.089233804079,F5IV-V
Betelgeuse,642.1523114825334,125996.07898971764,886.9540167980291,3465.584906649717,M2Iab
Sirius,8.40488504234644,30.363211555162465,1.6975503190465253,9929.197486761122,A1V
Hadar,349.89703894408365,50003.29860598514,9.072118415520334,25020.059682136376,B1III
Arcturus,36.55940961200518,173.1186537350129,25.327584506221395,4293.232149954749,K1.5III
Ross 154,9.762760206254507,-0.22596537315790627,0.10437345974328288,2771.1757655682736,M3.5V
Alnilam,2000.4968087684344,53700.915273161765,32.32831679585277,27522.876506962413,B0Ia
Lalande 21185,8.539132551448054,-1.0184094871245468,0.3484419457491451,3396.2390187861406,M2.1V
Polaris,322.7829657396212,2197.4579935613187,37.56516587074775,6063.924563018583,F7Ib
Deneb,2599.541671531891,195998.9041368802,202.92157091325018,8503.08100456294,A2Ia
Vega,24.959311232910533,38.236535117812586,2.2955242719863977,9650.454657524815,A0V
Acrux,321.3978818285302,25002.451304950046,8.40073431108804,28000.481701856206,B0.5IV
Spica,250.3496408249325,22004.59479708713,7.48705009677652,25392.535590103464,B1III-IV
Capella,42.98764050809396,80.53611367039014,11.928552734356183,4936.351352278644,G8III
Altair,16.790538913857493,7.001586190285418,1.6190056898410539,7500.178549124861,A7V
Antares,550.3341533847138,9997.61131020143,680.029117220661,3516.839353089165,M1.5Iab
Capella,42.80414644083066,77.7419793077256,12.028719516305973,4937.014499217616,G8III
Wolf 359,7.987098773049044,-4.9033579226853,0.25746878785429467,2800.610804893218,M6V
Spica,250.1853696897831,22002.94677024924,7.329968093356848,25440.0209321473,B1III-IV
Acrux,320.5863393634801,24997.637919736644,8.310447834832418,27989.401366565075,B0.5IV
Mira,418.21532323512395,8697.78504078488,369.95011289757565,2955.942150604245,M7IIIe
Altair,17.114041468810747,7.967577662722815,1.6666693118467406,7589.938436857879,A7V
Betelgeuse,642.4002182709401,125995.07325895016,887.0102958691334,3481.0895756208192,M2Iab
Barnard's Star,6.066146574141507,-4.202962127667188,0.18560290038694682,3157.0629115253996,M4Ve
Achernar,144.41347739924058,3145.670632301648,9.151738144396306,14986.331180964033,B6Vep
Aldebaran,65.1820343113461,515.388476668136,44.22384644093751,3907.5149974842684,K5III
Antares,550.2111451274665,9999.116102372378,679.9672994027036,3549.315194904685,M1.5Iab
Hadar,349.8618670626462,50004.94895125297,8.924915431984006,24982.455998433135,B1III
Arcturus,36.66414022992508,171.1056762518648,25.322341069807717,4254.144469573005,K1.5III
Aldebaran,64.86663507615103,516.5412218579359,44.14298534438638,3892.8923877416173,K5III
Regulus,78.6610515633756,286.1262199301582,3.1039473513253473,12455.978660537863,B7V
Lalande 21185,8.389619801046,-1.6420207674531937,0.2917824459123116,3439.2127163789055,M2.1V
Canopus,310.30248789941453,10501.328054061814,70.99461190714392,7352.700290205437,A9II
Canopus,310.1123839470811,10496.34418086692,70.93894825544076,7392.756918098973,A9II
Acrux,321.1642531708573,25001.97379001607,8.476967513522574,28002.686917940457,B0.5IV
Sirius,8.178965638409595,23.018882776264523,1.6429830796078737,9961.260787473504,A1V
Canopus,310.4339221913486,10500.701090322545,71.07120441889143,7343.565554910746,A9II
Rigil Kentaurus,4.107727284195991,2.0465447810028436,1.1342043679791856,5799.58379279055,G2V
Rigil Kentaurus,4.402094885920716,3.255888946307942,1.1325926429277804,5784.487491811251,G2V
Sirius,9.003723782469484,25.31721426439794,1.7682429170729694,9945.938898140306,A1V
Barnard's Star,5.77531813296572,-1.9476137463014966,0.18516435027980302,3100.1967912356345,M4Ve
Polaris,322.69367242714384,2203.214692898426,37.58057570411819,5973.267626537678,F7Ib
Spica,249.71633706178963,22000.712538786633,7.4530069804035035,25382.54424773179,B1III-IV
Spica,249.7559118255533,21997.467782210406,7.403967800257108,25413.23854342704,B1III-IV
Procyon,11.548017997505934,11.179783704362094,2.0768331643377036,6532.552150833123,F5IV-V
Acrux,320.68121543300316,24999.998219227884,8.331568002897049,27976.048166346933,B0.5IV
Antares,550.0925105716918,9997.105346601093,679.9637801969628,3462.614891178801,M1.5Iab
Rigil Kentaurus,3.9786325410020655,-2.119236183448141,1.154587336979579,5743.193545774129,G2V
Vega,25.47379567716754,41.94883657141961,2.2836267337545935,9636.2663929921,A0V
Barnard's Star,5.503354374007524,-1.4261367429859866,0.19373771952839025,3138.143529653492,M4Ve
Aldebaran,65.27837547917696,516.7874159559605,44.19667580773142,3891.6958488395844,K5III
Alpha Centauri B,3.9962177138878325,-2.5988815711687474,0.883037871335775,5231.122023964701,K1V
Canopus,310.2691827891006,10496.17932647521,71.09609603499091,7379.760016569846,A9II
Castor,51.78765008596086,52.55239172717802,2.377917302214843,10339.144211828336,A1V
Rigil Kentaurus,4.088694603367449,0.30507316365590653,1.159697069308526,5815.131546667408,G2V
Aldebaran,64.5902948982921,519.3372320256896,44.26426716265437,3916.6136134918343,K5III
Altair,16.342681874475897,14.591181440400177,1.6839372242618915,7534.755587192668,A7V
Arcturus,36.246122455758346,165.8219515674998,25.435121407803933,4263.974299475472,K1.5III
Fomalhaut,24.739227835351564,12.761776780006507,1.8660325221773046,8587.326514897997,A3V
Antares,549.6020841306806,10003.583240374617,680.0178309194273,3515.0718020662684,M1.5Iab
Hadar,349.85840398022134,49998.71828587879,8.997233568702034,24979.30083017181,B1III
Deneb,2600.3849852172243,195997.22402582658,203.01037378760626,8495.072256076804,A2Ia
Vega,25.021842852433267,44.096087879563065,2.3915187386743293,9644.280857167912,A0V
Aldebaran,65.0148671399861,520.8330693802092,44.14048104822591,3930.7677184114414,K5III
Acrux,321.0192431558176,24999.47677803858,8.466934582648141,28044.279271635794,B0.5IV
Altair,16.515550441516513,7.453787627075437,1.5490210975388299,7579.282835765471,A7V
Polaris,323.18740651993204,2195.0085355638607,37.413948981624834,6023.522561426781,F7Ib
Capella,42.66191607008856,80.31893393586179,12.053892691975884,4980.589604549405,G8III
Sirius,8.42964716497559,28.766218323597716,1.6216854840949964,9914.722343392266,A1V
Rigel,859.8736693721206,119998.91159177457,78.84757027028947,12090.984442603067,B8Ia
Alnilam,2000.254556921467,53704.6457106366,32.48379461686017,27523.886823836907,B0Ia
Aldebaran,65.12504717981578,513.8024725995764,44.133137893565376,3937.1366939387976,K5III
Mira,417.73968452269605,8702.983016446178,370.0558584338656,2923.256810517708,M7IIIe
Ross 154,9.457219736836048,3.5558108313769368,0.16738653049763086,2757.8244007742705,M3.5V
Fomalhaut,24.94774315643359,19.078458000505698,1.7827045212416661,8578.83278985885,A3V
Mira,418.4800274472216,8699.413953474097,369.91940220002334,2882.169873058536,M7IIIe
Alnilam,1999.9722500667908,53695.46342027454,32.318443183674674,27519.496419622923,B0Ia
Betelgeuse,642.4314171166554,126001.74686159294,886.9717142807095,3460.211471007395,M2Iab
Procyon,11.232801031989052,11.483008311297528,2.0354606049471995,6531.580696599702,F5IV-V
Mira,417.96038900748766,8697.873320471392,369.9027391626386,2922.151960877924,M7IIIe
Sirius,8.97905760209878,24.461618038155763,1.6208975551577192,9949.850807441388,A1V
Hadar,350.1211769454686,49995.72669531548,9.02310133825602,25047.364915414353,B1III
Procyon,11.734879069041147,11.03453099609397,1.991069283038106,6531.624256212896,F5IV-V
Altair,16.650909255277465,13.984383744732718,1.5937402895793085,7547.85329895543,A7V
Acrux,321.1982673917823,25004.094559395624,8.349207390972214,27983.088895885925,B0.5IV
Alnilam,2000.344809422834,53697.71750208001,32.31687443184585,27454.23278263376,B0Ia
Spica,250.29130895484806,21998.65350042777,7.317585768709005,25365.343642668537,B1III-IV
Spica,249.83597944955196,21995.249403313665,7.30748784703254,25374.52380217647,B1III-IV
Spica,249.6956810552482,21999.44025694579,7.460858219786576,25426.059434160332,B1III-IV
Alpha Centauri B,4.661465963884386,3.6839683429692047,0.8928876028714727,5220.886580357062,K1V
Lalande 21185,8.657942790455385,1.5570754937375668,0.3707991662282603,3415.93622768099,M2.1V
Deneb,2600.203153160722,196001.99383714548,202.99286280603295,8495.151612981792,A2Ia
Acrux,321.12567330882814,24995.384020357043,8.442727449870432,27978.616899027686,B0.5IV
Spica,250.40575521554814,22003.006083358974,7.390872002597096,25449.71317458375,B1III-IV
Altair,16.90978103577815,5.93326550747497,1.6968367572893808,7581.485620502184,A7V
Achernar,143.92295573741418,3151.3800629399616,9.119515925724818,14989.956949574469,B6Vep
Alnilam,1999.9054768769838,53698.01063562469,32.480678048563625,27457.356767249177,B0Ia
Canopus,310.25752765758386,10500.535791916333,71.05510034800109,7303.50967447793,A9II
Regulus,78.60906106487893,291.3198765189602,3.2265577133066277,12501.522893637833,B7V
Capella,42.90883268003728,81.73207831773567,11.95953655943859,4987.631565952726,G8III
Rigil Kentaurus,4.00631598035014,4.719480891220876,1.2336490462319623,5806.306504209014,G2V
Altair,16.673538512166857,11.923057499670024,1.5699737742172752,7536.608049164217,A7V
Deneb,2600.054111698248,196004.85408062232,203.02271485552896,8502.296032890257,A2Ia
Betelgeuse,642.7132328379636,126004.80652062806,887.0593271335669,3536.7368905754315,M2Iab
Betelgeuse,642.9734496672988,126004.17804606361,886.9783661577184,3499.5535257170536,M2Iab
Sirius,8.910964990477838,27.883155142457618,1.7900438700764771,9937.999676579542,A1V
Alpha Centauri B,4.191178428095684,-0.19486962752822584,0.8756903221903196,5265.168219988585,K1V
Bellatrix,239.74665869272962,6400.045563495309,5.79273451209337,22596.63758448558,B2III
Lalande 21185,8.600332846394044,4.389365061208859,0.3263580201334272,3446.85565285417,M2.1V
Acrux,320.74846067676384,24999.882212098993,8.314309807986174,28023.155964798407,B0.5IV
Hadar,349.54803179030006,50003.437434998974,8.905896631554882,24972.673323377327,B1III
Polaris,323.2942868029988,2197.3393508229037,37.5741331642113,6052.715168871659,F7Ib
Altair,17.031047210189243,9.420447881017374,1.5648288866042455,7556.190476558557,A7V
Acrux,321.0172738889805,25000.175523659404,8.36681531774404,28020.75528329591,B0.5IV
Polaris,322.63039128938027,2202.3045046501984,37.450291693135405,6035.256993173695,F7Ib
Capella,42.42640506726292,78.6261618921119,11.92288120798912,4945.1586956174515,G8III
Polaris,323.25830287505704,2203.005803953794,37.53316120937322,6007.279091506018,F7Ib
Bellatrix,240.11729164012903,6401.703522703113,5.712638150016882,22610.104644796527,B2III
Altair,16.334612838722375,5.9053618375212995,1.585493732123344,7543.984771238739,A7V
Spica,249.95600945257033,21997.27514055534,7.485745901146536,25412.277818674906,B1III-IV
Vega,24.796722904603456,38.83227073761078,2.2863451208184915,9558.280287121293,A0V
Arcturus,37.0649256344522,169.13451268871574,25.374591218678557,4262.121427943406,K1.5III
Castor,51.657170460932534,59.20488222648442,2.357942572148126,10292.861659151447,A1V
Alpha Centauri B,4.604116282070338,4.336677893186863,0.8123240933578639,5230.1800654952885,K1V
Procyon,11.811384418414272,5.556790524669831,2.070303770670327,6555.208745181177,F5IV-V
Betelgeuse,642.6457930899971,125998.30283452646,886.9683219489082,3536.3317895746136,M2Iab
Lalande 21185,8.552871356637239,3.3547011813311096,0.3359750207028117,3385.261827154311,M2.1V
Hadar,349.70525337779173,50004.815878851376,9.058875243596658,25045.681712395777,B1III
Rigel,860.3299817159254,119999.15795806011,78.95886969049536,12124.52692305495,B8Ia
Alnilam,2000.2311498588906,53703.68232367893,32.37988024091837,27531.724512773984,B0Ia
Wolf 359,8.117918695659103,0.24450376398123416,0.08813317525933075,2763.1290458119993,M6V
Altair,17.126532940989705,13.81675388246157,1.565304550524819,7539.0160871515645,A7V
Altair,16.841284457536943,7.6601003734060775,1.6669078313100163,7596.29125205924,A7V
Regulus,79.46905039034043,291.53808793659346,3.1693667465692688,12485.81487661987,B7V
Achernar,143.96369643781577,3153.448869022427,9.122215036720787,14983.057034916466,B6Vep
Altair,16.73976423176716,14.245027690727097,1.665819170309692,7582.813277293578,A7V
Castor,52.33739487109884,52.38529121936184,2.367909461519737,10332.886399058902,A1V
Ross 154,10.114346873131268,-1.8722454742468062,0.20208478365559165,2826.6630933667043,M3.5V
Polaris,322.502155570597,2203.051863296195,37.46675410216605,6014.489149122259,F7Ib
Arcturus,36.501673392977565,165.95913679819427,25.45174904528886,4305.298558387129,K1.5III
Aldebaran,64.9102918076204,515.8831436751786,44.20349553455149,3941.025871305458,K5III
Antares,550.0793115802902,9998.673327093757,679.9796032077534,3495.8089900134005,M1.5Iab
Ross 154,9.48114273199893,1.5629475832181847,0.26290790952216525,2842.720811632883,M3.5V
Lalande 21185,8.326995952783522,-3.116117283278311,0.39766711699356744,3425.2194804264423,M2.1V
Capella,43.18977231526731,78.15928520691827,11.953867400157446,4910.84162406762,G8III
Rigil Kentaurus,4.684740783845968,0.4820732837390491,1.250155333192906,5790.563085966682,G2V
Hadar,349.9265432643831,49997.88363907442,9.083568824870753,25014.23536538512,B1III
Procyon,11.853186614150347,4.568259386078665,2.0789873441417757,6529.710106429497,F5IV-V
Bellatrix,240.38937400299514,6400.6876528621815,5.771479476204662,22641.471075444053,B2III
Rigel,860.351094890128,120000.67143455558,78.97709526344825,12107.15853245105,B8Ia
Capella,42.62172687540109,82.18179589209237,11.941025047642833,4961.113619150101,G8III
Canopus,309.85247308584013,10495.295032892276,70.99857709558052,7374.061556326981,A9II
Arcturus,36.60944251909364,166.92216610675578,25.322127050604966,4246.36678371611,K1.5III
Deneb,2599.531004708632,196000.71131056777,203.08998579556487,8566.459428182321,A2Ia
Rigil Kentaurus,4.009178210050658,4.52095272104491,1.225897996978761,5743.205315695931,G2V
Alnilam,2000.0469500959857,53704.55022172194,32.42516404981663,27472.24734094678,B0Ia
Fomalhaut,25.376635374231352,15.012057956491532,1.9018628466940786,8587.252624053881,A3V
Mira,418.2183952968461,8704.780649511065,370.07442661072827,2925.39207629807,M7IIIe
Betelgeuse,642.6088452768547,126002.55580263575,886.9641939292504,3486.421808766696,M2Iab
Rigil Kentaurus,4.472942767831179,6.4969976740702755,1.1768595687999464,5809.065322818583,G2V
Barnard's Star,6.0359771357513825,2.7849267342360386,0.23446086063726881,3175.6029186098235,M4Ve
Canopus,310.2172670982593,10496.355536592739,71.0677688332974,7352.898512667379,A9II
Barnard's Star,5.46425033457099,3.1016816563223246,0.2897915498142176,3088.0600118494194,M4Ve
Polaris,322.5390777157187,2202.7485906334337,37.47237729970524,6054.799748479425,F7Ib
Ross 154,9.907428254444897,-1.7548883850025496,0.25020849799005335,2785.3038548882723,M3.5V
Regulus,78.52313741046954,287.59429416197145,3.19325928112728,12437.502387342196,B7V
Achernar,144.31905356616832,3145.0671706093503,9.150569357208825,15016.888543390136,B6Vep
Acrux,320.60318172049745,25004.818724393608,8.344046443485047,27957.206186514268,B0.5IV
Alpha Centauri B,4.233930259760326,0.9539660997456003,0.9556066517851436,5229.85412918169,K1V
Arcturus,36.4667172645417,173.39296258557283,25.351421298413634,4262.2214543702285,K1.5III
Canopus,309.5953487649189,10501.356418248894,71.02409390389981,7383.247694715101,A9II
Betelgeuse,642.8715692674214,126000.7909588918,887.0942541887144,3534.3458759812875,M2Iab
Mira,418.17093478352064,8699.459630086449,369.9191649407296,2912.8614788628884,M7IIIe
Deneb,2599.843961974584,196001.81828846314,202.9318394997477,8493.781820782286,A2Ia
Procyon,11.633141363707045,4.578402287038895,2.0471210918287834,6500.1494809750775,F5IV-V
Alnilam,2000.176215815057,53700.02445566662,32.328478244473274,27452.842914880956,B0Ia
Lalande 21185,8.16476186236918,-1.5287605534413269,0.43420345284398065,3409.3499687450135,M2.1V
Altair,16.30343825476463,9.448611058586202,1.5697965761324495,7560.184538579161,A7V
Alpha Centauri B,4.603151026770734,-1.7646167713238146,0.9363487436919333,5241.433383120412,K1V
Deneb,2600.1188300320887,196003.7348740918,203.03314552146534,8510.697414640012,A2Ia
Deneb,2599.853939051221,196002.77831016888,202.99038848268452,8517.033344067619,A2Ia
Vega,25.06659451671611,44.65672904821405,2.42044802809996,9569.505040627617,A0V
Arcturus,36.543921553843404,169.2345433964546,25.492741868464453,4243.105647278277,K1.5III
Deneb,2599.6087383328495,195999.36817978608,203.07130390051958,8502.019466565263,A2Ia
Betelgeuse,642.5531284859233,126003.277178296,887.045921394874,3513.514299267463,M2Iab
Capella,43.24996496461586,74.3084242293209,11.94513010156456,4913.438632006412,G8III
Canopus,309.75776637760686,10501.282994165453,70.93329994232798,7333.1073847363505,A9II
Wolf 359,7.4945134846058155,-0.5237519388581489,0.25076987305386367,2830.7174304554483,M6V
Mira,417.69434190620393,8695.76542169597,370.07166136037114,2917.612989328211,M7IIIe
Lalande 21185,8.268111532689437,0.4066786400028192,0.40391327021532425,3424.134208606245,M2.1V
Hadar,349.74627308407605,49999.43621440881,9.069477468347682,24977.196252884776,B1III
Castor,52.15011540693591,58.00481211390884,2.315381159248808,10252.300788503715,A1V
Betelgeuse,642.5688338268451,126001.59526536078,887.0415508127494,3523.3700224726635,M2Iab
Alpha Centauri B,3.927727273120638,2.3798778547511135,0.9533430209824598,5297.158921328318,K1V
Procyon,11.729222953510117,10.41549792084328,2.1142320530955607,6500.799566238323,F5IV-V
Polaris,322.5304351797596,2198.062243311905,37.43978024422336,6006.5384310582685,F7Ib
Altair,16.817757811872315,6.6168551339155055,1.6208417286066443,7535.477776374925,A7V
Bellatrix,239.8107170031412,6403.26717033482,5.7992031692434605,22577.65870176337,B2III
Betelgeuse,642.7606943182192,125996.53351669671,887.0894835356495,3541.5852076801953,M2Iab
Altair,16.775344887638514,13.692070293109474,1.602312150664671,7522.863573759096,A7V
Achernar,144.42696352608482,3149.043659334665,9.244538986323182,15004.67745453246,B6Vep
Hadar,350.28250752481273,50001.855266313454,8.913280385213783,25008.776305248775,B1III
Capella,43.26898110439547,83.53213620184849,12.060003732156051,4895.714239351671,G8III
Alpha Centauri B,4.500100880129606,-1.8675040449466291,0.7769871816361916,5279.807556255891,K1V
Alnilam,1999.8010468906077,53702.72472446624,32.463760926207456,27494.18077728759,B0Ia
Sirius,8.95764006062001,29.619564748597867,1.6328596476650405,9911.392753647751,A1V
Fomalhaut,25.395341516452056,20.46915048265418,1.8475953691018931,8588.479248186732,A3V
Barnard's Star,5.754938969408459,0.5782857917849586,0.18295040783606675,3110.132292246199,M4Ve
Sirius,8.22699804145759,26.254898678554593,1.7230777808471107,9956.238735550362,A1V
Wolf 359,7.573447101024423,4.928126803872541,0.18973704255580687,2812.869725284097,M6V
Acrux,320.5859634991353,25001.511998910722,8.324294583067696,27961.78016959039,B0.5IV
Regulus,79.02170301809184,290.58102691030575,3.2233778958160197,12465.249997728437,B7V
Sirius,8.581163580860268,23.56576836319067,1.6754102483016422,9936.119303434922,A1V
Castor,51.96002579241676,50.77458294296149,2.363595863350619,10343.780169200643,A1V
Capella,43.15465762520267,80.9564806125028,12.046502747044403,4890.416640335966,G8III
Hadar,350.48265904666846,49995.66255771765,8.963173673367711,25015.409494276384,B1III
Canopus,309.93058315209595,10499.156949397066,70.92521212934165,7306.052369323466,A9II
Rigil Kentaurus,4.75762801578623,0.12499315368356068,1.1474521060199832,5791.391749396839,G2V
Capella,42.647659674923545,75.85204596899882,12.091994996552842,4977.384391917685,G8III
Acrux,320.9124461243215,25003.204339520365,8.45626281869077,27970.08159580839,B0.5IV
Altair,16.962965725071445,12.700496302235546,1.5603313212736145,7527.007991164982,A7V
Lalande 21185,8.383258213157267,-0.9381894217595698,0.34721305721875617,3396.163555406511,M2.1V
Ross 154,9.979598917012972,4.882884323074658,0.18689670825937352,2801.7091492916584,M3.5V
Altair,16.305159249689783,10.12400801898782,1.699514766741106,7561.924913177847,A7V
Procyon,11.221180880093733,4.454008562762063,1.9686260827440123,6490.797977413512,F5IV-V
Altair,16.428114807916586,7.5188985941992765,1.6910536041439572,7548.1924994307965,A7V
Acrux,321.40395624936485,25001.131958554575,8.376409823466476,28024.705497539097,B0.5IV
Arcturus,36.23103318743993,172.6283509663686,25.45824500567212,4311.320939071334,K1.5III
Procyon,11.099357364573127,4.0461929323360755,2.10801567334089,6548.53488183696,F5IV-V
Hadar,349.9233971467892,50003.184457837844,9.089940136231116,25035.76929921509,B1III
Hadar,350.1548367045636,49996.93606004356,9.039185399576763,25033.689212790745,B1III
Polaris,322.93613956377834,2203.945872499883,37.526683022101565,5966.658386402887,F7Ib
Betelgeuse,642.3796736220082,126000.56704612002,887.0961516152369,3491.8362157548445,M2Iab
Altair,16.650873710554336,6.046501288662712,1.5882140757870844,7514.631409637324,A7V
Betelgeuse,642.6993191749599,126004.33011528915,886.996238330138,3482.913533547304,M2Iab
Lalande 21185,8.144854579475982,-1.4953798799163283,0.4578056842243665,3427.7908259214564,M2.1V
Capella,42.65444955623385,77.89996416831873,12.059956279582682,4953.960884388006,G8III
Achernar,144.4397778356189,3153.6198983288955,9.157460216023386,14980.806629012488,B6Vep
Alnilam,2000.0880201642992,53702.76196695219,32.36957560840282,27537.942365662122,B0Ia
Rigel,859.9824983681953,119998.62299140115,78.91303443626789,12085.710676444596,B8Ia
Castor,52.22988431306953,54.099526820783055,2.341583905473246,10293.764261845483,A1V
Hadar,349.9762351065161,49997.02136689043,9.002662918933126,24998.190819959676,B1III
Alnilam,2000.377238593158,53702.78826659873,32.340054519445154,27456.537115962084,B0Ia
Hadar,349.8025258945259,49998.0695274668,9.099062530956529,24984.25348850092,B1III
Sirius,8.650238632854773,25.384186490272075,1.6419024473267774,9981.789237855872,A1V
Rigil Kentaurus,4.142560356201541,-3.409763574323616,1.129143335844198,5837.601488919213,G2V
Fomalhaut,25.132967410517995,20.863466303473007,1.812050356154002,8573.561550669108,A3V
Fomalhaut,24.908006486525945,18.947503258018802,1.8593885820231693,8550.148653413544,A3V
Mira,417.7833122552771,8702.919445956213,369.96974684811136,2944.801066776992,M7IIIe
Procyon,11.561154029092972,11.127636055713175,1.9980519891339659,6492.727527255873,F5IV-V
Mira,418.0577769995517,8702.628165997337,369.9577872160376,2922.3529638603686,M7IIIe
Achernar,143.58377436946893,3154.0943334053554,9.28649517118028,14987.672115777534,B6Vep
Antares,550.4834100624427,9995.999324590084,680.0122219445168,3468.906853654205,M1.5Iab
Altair,16.754464460371924,5.99788943061886,1.6221541738349006,7534.314145799876,A7V
Bellatrix,239.93285610754845,6397.415458459581,5.768024266938191,22598.96932304299,B2III
Lalande 21185,8.778835112157529,0.9661196267349227,0.31173602545008877,3437.9462535855955,M2.1V
Vega,25.48267392461975,43.143004904768915,2.3781405597207295,9615.286109199222,A0V
Mira,417.9698200829036,8702.747824718203,370.031379577419,2908.9053112542947,M7IIIe
Arcturus,36.32229979885953,172.62720869691438,25.394601834434013,4334.366638619499,K1.5III
Vega,25.06973647278645,42.58073946132156,2.311884583267881,9639.90846974805,A0V
Altair,16.723699215336318,7.755495987710255,1.531232494293574,7580.000022793084,A7V
Fomalhaut,24.63695818655648,19.023124550190577,1.886319861515815,8572.460129705985,A3V
Alpha Centauri B,3.8798822553990275,0.7910473169383339,0.9139765233764823,5295.11315329918,K1V
Fomalhaut,25.291726752209044,15.472854803761287,1.771133455977071,8547.759463959905,A3V
Canopus,309.7226809100175,10504.045242465518,70.92404023319769,7325.448677329159,A9II
Altair,17.07909134160172,11.105626941079539,1.6888037073732733,7548.914114980805,A7V
Vega,24.71555489176861,37.54171812892304,2.441074106318069,9556.382225627973,A0V
Castor,52.11930609709243,56.54850720582925,2.4690420521017296,10284.861645140678,A1V
Bellatrix,239.69414728045675,6396.281240197269,5.703987995850954,22582.222074378238,B2III
Alnilam,1999.87084484106,53703.28456261201,32.37200611603363,27491.34645260905,B0Ia
Hadar,349.53181444637727,49997.805725309554,9.050848967804637,25039.836943850994,B1III
Capella,42.721731404078504,82.71423020357825,11.997265130160406,4968.613459748679,G8III
Deneb,2600.459947369687,195998.67867356437,202.94619739326748,8537.114059998905,A2Ia
Arcturus,36.72859011150761,169.17410203086075,25.496502794210354,4310.686136906374,K1.5III
Hadar,349.5763036550494,50000.28166873743,8.941387767072202,25031.53164140025,B1III
Vega,24.857542443674294,43.36477472469677,2.354470575096003,9572.998301263318,A0V
Capella,43.067128278544466,76.53137693582548,12.066827849039573,4930.415617102395,G8III
Bellatrix,239.67828048448501,6398.615400878229,5.792124898419817,22625.863115570453,B2III
Alnilam,1999.8198241830476,53704.23807043841,32.37301069146568,27476.304434992006,B0Ia
Arcturus,36.36893818169971,173.91735348449976,25.471657388242885,4242.998140186064,K1.5III
Regulus,79.38640904460017,286.9002630101488,3.1994875667376994,12428.597803875617,B7V
Altair,16.431583556207517,13.936622867381303,1.696114023366309,7562.92846623151,A7V
Achernar,144.12328599301048,3150.1765636444493,9.251943571289882,14980.639676598574,B6Vep
Capella,43.18112317773428,79.81176567485554,12.0193058060152,4926.989009107683,G8III
Betelgeuse,642.2406798816608,125995.74018464192,886.92017281221,3533.455447950868,M2Iab
Rigil Kentaurus,4.5115107589995525,5.469163180881795,1.2968123458311946,5798.583918339648,G2V
Betelgeuse,642.7086272299188,125998.15810975224,886.9146359224729,3463.7621290752586,M2Iab
Mira,417.8076208586674,8700.674611535678,370.0487981231602,2897.53935166085,M7IIIe
Alnilam,2000.37271159395,53696.713104182534,32.43314184230521,27532.91754317543,B0Ia
Fomalhaut,24.787814094086002,19.240019388477002,1.8450225960402775,8598.361346801556,A3V
Altair,16.597555199697663,9.796254335014925,1.6317932586227673,7589.59207038745,A7V
Vega,24.550546542267956,40.70030429351264,2.3421849992787616,9620.122908880237,A0V
Procyon,11.37786080726909,11.111696301057986,2.100885983527915,6567.269089990825,F5IV-V
Acrux,320.5587773374703,24999.132922504472,8.477116293130464,28043.247627927078,B0.5IV
Antares,549.6326078449839,10003.064238945663,680.0008496850047,3502.850350435827,M1.5Iab
Capella,43.36976619606791,75.6656528468021,12.030823996409744,4900.136077462795,G8III
Sirius,8.592832833642735,29.163573989960476,1.7681196500535434,9938.230274996757,A1V
Ross 154,10.082428468579502,1.1272223547577958,0.1589565493633382,2842.2825388131187,M3.5V
Canopus,310.40561001383736,10495.918760680679,70.98400527526447,7375.567457425631,A9II
Bellatrix,240.46546493984695,6397.076711841578,5.721036989086144,22561.35958472074,B2III
Arcturus,36.85515697959471,170.39260600268693,25.401557238283477,4295.448832879542,K1.5III
Canopus,310.2208988524362,10495.782502652297,70.99490029898075,7385.103212988658,A9II
Ross 154,9.509693473009362,4.593223791929575,0.2898476991164427,2793.132384849271,M3.5V
Hadar,349.7007690438944,50001.10395171099,8.976397162075818,24985.895286543746,B1III
Fomalhaut,24.93993408396935,18.708421317411393,1.8606249667543346,8543.52410709154,A3V
Vega,25.215375947746416,42.41615685855492,2.2891796676560316,9565.942046921979,A0V
Alpha Centauri B,3.8777984948209214,4.0367179142966485,0.8511027900559873,5247.639003737363,K1V
Spica,250.35860614560136,22000.991538788872,7.35447137499463,25398.0300997285,B1III-IV
Aldebaran,65.22314745573473,514.3940375429517,44.129565027617524,3884.7972406139806,K5III
Mira,418.2559404634954,8695.285930090933,369.91082905731247,2938.727954697556,M7IIIe
Vega,24.921386227437697,40.515480684043176,2.3557618374587954,9601.092538925532,A0V
Betelgeuse,642.9528733444157,126004.55672976901,886.9901081445247,3531.391606015495,M2Iab
Castor,51.63546472562079,59.035587475875595,2.3142095414554373,10335.236868041908,A1V
Rigel,860.0446487167943,119995.72802782974,78.8345977343025,12068.024249512593,B8Ia
Ross 154,9.613438425931394,-1.2141279074839573,0.2500555533323149,2809.757850999919,M3.5V
Wolf 359,7.999848244547756,2.266088270736416,0.22389523624750202,2846.28632610673,M6V
Acrux,320.88683059183285,25003.59644188548,8.472800900249295,27950.980185874738,B0.5IV
Fomalhaut,24.801334879905827,15.639550015309691,1.8909501339630872,8550.050076372288,A3V
Rigel,860.3779303884187,119998.5139278143,78.95582134736885,12056.931040199388,B8Ia
Wolf 359,7.93457653564171,-2.6993031727412533,0.09813526394231287,2818.8771744817477,M6V
Canopus,309.949279299694,10502.983510922511,70.99441217507064,7378.8673598338255,A9II
Rigil Kentaurus,4.021572470121028,4.237437376579976,1.2922529360260686,5779.19170271629,G2V
Arcturus,36.20354839373127,174.01100320067363,25.37788131476717,4257.266449388856,K1.5III
Arcturus,36.24569176751628,170.20157618905327,25.324338912297844,4238.82430741777,K1.5III
Fomalhaut,24.52798083660612,12.367104855009664,1.7564024147735555,8624.298340673686,A3V
Deneb,2599.9450011255235,195996.93639287664,203.04830518335083,8510.964916073643,A2Ia
Mira,418.2175842849551,8700.5674109947,369.97061963732,2872.35158564138,M7IIIe
Procyon,11.678427502003084,3.9393406366475836,1.9982456617599147,6532.259266094722,F5IV-V
Canopus,309.5950008995232,10500.971727121856,71.07067754606098,7313.717188692489,A9II
Wolf 359,7.692989324958735,3.1435833625883096,0.23376954268671377,2832.3101701168216,M6V
Bellatrix,240.4177991738177,6401.595201030681,5.785649927403525,22640.502541288515,B2III
Altair,16.80481859931867,10.780866248875249,1.6706060054339127,7505.6738870019035,A7V
Capella,42.524191767947265,79.236390220434,12.070355838014219,4964.310251936597,G8III
Rigil Kentaurus,4.300779447953355,2.899348455421122,1.139323498435139,5821.31848567538,G2V
Rigil Kentaurus,4.533255211906194,1.0622984187908109,1.2791079087439066,5820.542839082289,G2V
Alpha Centauri B,4.436330965784739,-2.897159041753857,0.9503195553708486,5303.062134893854,K1V
Ross 154,9.38679526791198,1.2972165822975552,0.14632184715825822,2820.4301831792127,M3.5V
Achernar,143.77764483165026,3148.316088852544,9.178283935157074,15040.7751413703,B6Vep
Ross 154,9.266675131293121,2.5676550292690377,0.2941266326790664,2816.7747126498034,M3.5V
Hadar,350.3462163095896,49997.251393633545,8.910438460017065,24972.0104980473,B1III
Rigil Kentaurus,4.558961315570268,1.5055163896454722,1.1791161113230062,5780.016587479109,G2V
Achernar,143.7208361441719,3146.1704513835157,9.258760681265409,14989.107553451975,B6Vep
Lalande 21185,8.399926954945043,4.2766464192969105,0.4579131529875583,3414.2167978418847,M2.1V
Alpha Centauri B,3.9326562057963685,-3.8018034621926975,0.8058931413102509,5215.398711764666,K1V
Arcturus,37.06140162916029,171.13842474554625,25.47301615687733,4266.187709020766,K1.5III
Barnard's Star,6.05724013797307,3.6304724097365755,0.18062082535854362,3106.2706290664537,M4Ve
Betelgeuse,642.2465107194334,126000.91426019295,886.9633557470046,3516.0947512384396,M2Iab
Altair,16.413501979632134,11.624212298411338,1.6680064880042818,7518.687343972402,A7V
Capella,43.22182719528961,80.1562183943607,12.012566699471403,4973.087375934008,G8III
Fomalhaut,25.44873361843539,13.070027808524156,1.8203217306681783,8576.37781241298,A3V
Arcturus,36.91845733608466,169.0336812528439,25.36844190590766,4318.231806821839,K1.5III
Acrux,320.65320185737164,24998.5503809941,8.30702521149024,27978.915425451105,B0.5IV
Altair,16.688705570405098,10.481825565277513,1.5409209438371902,7585.65962779586,A7V
Hadar,349.6884498607735,49999.05801525981,9.077749094064444,25025.683786434554,B1III
Spica,250.48787578507955,21999.873328203874,7.344215860984274,25435.584521920915,B1III-IV
Hadar,349.98310298123266,50000.7563298815,8.958489961994806,25032.920789852877,B1III
Mira,418.40207144643017,8699.480336707316,369.9117984062424,2961.709124520824,M7IIIe
Antares,549.8792884370044,10001.944639646785,680.0944645545311,3493.7540570648416,M1.5Iab
Lalande 21185,8.287208290511906,-2.7308105145090122,0.43774935385563146,3402.8161906618834,M2.1V
Ross 154,9.744868120043325,-1.9897561424831252,0.22573668409489686,2760.710088775886,M3.5V
Regulus,79.24977426857156,291.6242019956963,3.2277211270197395,12493.740141303995,B7V
Bellatrix,240.1604825490851,6399.823852098992,5.650814500147861,22598.15536269529,B2III
Acrux,320.95371916990314,24996.031503914517,8.391195316883637,28004.24991812565,B0.5IV
Castor,51.644278580890195,56.21992365681511,2.346334477843539,10284.698961945825,A1V
Bellatrix,240.12473609943657,6398.402468120222,5.705004831305989,22550.69768413769,B2III
Polaris,323.34209174779676,2198.72289037108,37.55293359990409,6004.949974385475,F7Ib
Polaris,322.6559353305563,2200.8845552906755,37.522840155692826,6030.225542533901,F7Ib
Vega,24.645193901214096,35.63708969609756,2.4473367602287674,9630.116698404068,A0V
Arcturus,36.51826937834501,167.8986947873451,25.410611237912747,4240.265272852089,K1.5III
Regulus,79.3430014654726,291.897968511475,3.0685139669552144,12473.199718306252,B7V
Antares,549.6671549550567,9996.784007026225,680.0179720282729,3522.283434570003,M1.5Iab
Vega,25.05044976403771,41.84243236145427,2.3739402771698725,9625.680795323084,A0V
Barnard's Star,5.644066736935094,-2.1071580871904065,0.11794239144636819,3173.4847190903433,M4Ve
Castor,51.524741869292015,59.507990827135586,2.3006184190361902,10317.774238638101,A1V
Vega,24.892157888712624,35.69348717683239,2.380537492627866,9552.455314036846,A0V
Hadar,350.2597782764712,50002.654895780484,8.97581464551337,24989.103730471594,B1III
Betelgeuse,642.9357776183036,126002.95958230013,886.9047919744044,3456.979085219775,M2Iab
Vega,24.737344606764864,41.89763252503265,2.2693420546041287,9592.868812233257,A0V
Lalande 21185,8.26117326287019,-1.9823179200068182,0.41194940840380373,3439.577143635202,M2.1V
Polaris,322.61059291404024,2202.2714289370924,37.53181463850515,6003.310740577722,F7Ib
Polaris,322.5864706417702,2204.140987050643,37.59943203330432,6062.130413148689,F7Ib
Rigel,859.8658746857441,120000.07131490989,78.91844330403548,12088.867267715941,B8Ia
Vega,25.249302017870193,43.804966691716544,2.348973961279292,9637.870555033087,A0V
Sirius,8.872982082035527,20.848040060583756,1.741300009310768,9974.98181983591,A1V
Sirius,8.792950012705772,27.268082296015166,1.7487744731679866,9964.644559867129,A1V
Acrux,321.20334861362505,25004.06256504029,8.320476613936954,27991.65048867627,B0.5IV
Rigil Kentaurus,4.174610126906483,-0.8865713991311825,1.202079732800457,5831.440377016771,G2V
Polaris,323.0346750980348,2204.9741518094293,37.448761057267966,6061.94335486547,F7Ib
Sirius,8.355424038148003,23.40538815530837,1.675395511782884,9975.539243247444,A1V
Canopus,309.7711209452154,10499.979018032227,71.02706871184742,7307.473967313892,A9II
Capella,42.85177613657468,81.33187389246322,11.92323992211239,4957.416740309828,G8III
Barnard's Star,5.686720695342739,-4.382996087407797,0.2297698275207009,3140.2516555700486,M4Ve
Canopus,310.0723523164608,10496.598466117015,71.09120159880283,7345.8669487625775,A9II
Vega,25.473262447093777,43.66237658662158,2.4118577153974705,9579.845392970341,A0V
Spica,249.58042873493716,22002.01284198614,7.305796816633301,25449.252065646262,B1III-IV
Ross 154,9.261994125032583,-1.7574069302212032,0.2061104084369102,2784.374251562764,M3.5V
Achernar,143.78027679343387,3154.3236207651003,9.287902871852966,15030.422975953981,B6Vep
Ross 154,9.553595958712544,-3.719698732023374,0.264392402910132,2815.9211099285735,M3.5V
Capella,42.57067975593808,79.25135468067211,11.912431518691237,4983.66025502538,G8III
Spica,250.3907403268672,22001.02951453293,7.481877815189558,25416.705605945994,B1III-IV
Deneb,2599.918259573627,195998.32008414762,202.90405149865248,8553.481732116297,A2Ia
Bellatrix,239.8922067354819,6403.9860833695875,5.735235074512112,22616.156564138986,B2III
Arcturus,36.90991186856271,169.51942011897793,25.303344033945972,4290.105320704147,K1.5III
Alpha Centauri B,4.7356216586430016,5.4391034605528645,0.9091029747390225,5293.511395768489,K1V
Altair,16.69885844192648,10.045330164781657,1.5459880132642128,7550.22447695355,A7V
Canopus,310.3941896872438,10497.81775664668,70.91867852641275,7367.389499391343,A9II
Lalande 21185,8.649839719089691,4.295886834209269,0.33518679227980736,3391.275098907769,M2.1V
Hadar,350.42067052185126,49995.52898582493,8.98665029163151,24990.85112515838,B1III
Canopus,309.5515680591836,10501.834765231313,71.01144351518133,7357.767520942422,A9II
Hadar,349.98215646428145,50001.54561858535,8.992876899972615,25001.423746134496,B1III
Altair,16.515448932210074,10.994983045438705,1.6276598462375145,7519.877500379792,A7V
Castor,52.23783288286487,55.54003542527262,2.4513414857288107,10348.926244523094,A1V
Polaris,323.4573642516834,2196.226916249681,37.45283721380477,6022.601310476043,F7Ib
Lalande 21185,7.976157703677068,-2.808369984959966,0.3687356080387063,3381.2641279714753,M2.1V
Canopus,309.745118342769,10499.510031335705,71.03825079847479,7358.944699099214,A9II
Spica,249.75427247336654,22003.822501147264,7.307524781332655,25364.78612030834,B1III-IV
Polaris,322.7489734191514,2204.7744128785384,37.485240092547805,6024.551479231562,F7Ib
Alpha Centauri B,4.105591040558226,-2.182644939476517,0.7957348695211522,5219.2466306965,K1V
Lalande 21185,8.459087059993356,-0.6382579849313171,0.3413945671468163,3350.203177103998,M2.1V
Mira,417.5715531818814,8695.087924765674,369.99831282282787,2914.694050222207,M7IIIe
Rigel,859.7605775728495,119995.96883648894,78.93723792629449,12086.3345705341,B8Ia
Castor,52.00232623896764,52.94996722654462,2.4057681462625693,10329.736255295447,A1V
Betelgeuse,642.7417653348303,126003.57941062373,886.9949887668902,3483.4145245213945,M2Iab
Mira,418.19637656568926,8701.972674557059,370.0422254166163,2867.8781630265453,M7IIIe
Fomalhaut,24.50867740612027,18.07211473917685,1.8749000797134092,8631.379068954075,A3V
Polaris,323.407738492318,2198.1940301666677,37.55873111589653,5995.879155326469,F7Ib
Hadar,350.00026107700785,49999.83035343599,8.901167621981331,24972.288713403494,B1III
Antares,549.601840549149,10003.850363076659,680.0039664218791,3520.1370974335855,M1.5Iab
Bellatrix,239.87685547835358,6399.860707647494,5.842889800040897,22585.994435100132,B2III
Betelgeuse,642.5351051185136,125999.7058492993,886.9158595459037,3468.4651192281262,M2Iab
Achernar,144.47209166466283,3145.5942888328236,9.26360411552539,14987.235488734876,B6Vep
Polaris,323.329059044209,2199.635235827846,37.47946284639381,6049.7870507850075,F7Ib
Mira,417.73665480621816,8701.822617753161,370.0245119762601,2913.84044093401,M7IIIe
Polaris,323.2911371694931,2195.0672211327037,37.587127250860775,5990.137153469109,F7Ib
Lalande 21185,8.787449488767088,-4.850542159255809,0.4853641937550528,3446.293506188233,M2.1V
Deneb,2599.8398288257226,196003.52462449897,203.01133991409023,8476.333101117267,A2Ia
Polaris,323.04614166377024,2195.050035386478,37.418466240252364,6009.8189312556915,F7Ib
Vega,24.517236143400165,44.820504619636765,2.321671688117596,9606.96402235447,A0V
Alpha Centauri B,4.292306288809428,-3.312680860880921,0.8955832961310575,5275.771324524828,K1V
Sirius,8.161295441784544,28.426852478106365,1.6170664861861161,9939.136372958605,A1V
Alnilam,2000.0435647220493,53695.97175932085,32.37492240874281,27508.931727822823,B0Ia
Procyon,11.282775707529195,4.76949576438661,2.072443099360481,6487.685057371517,F5IV-V
Capella,43.353461047980645,81.76850910449821,12.063331640542366,4935.234222553348,G8III
Bellatrix,240.03574000164505,6396.904484917012,5.658809786059885,22611.214516186817,B2III
Lalande 21185,8.34956214577482,2.9000896987662736,0.44081492446226567,3439.8806178162326,M2.1V
Fomalhaut,24.70632087566867,19.65366201902202,1.893117076485662,8540.172250328555,A3V
Alnilam,2000.1010812868858,53695.577226247784,32.32051055898877,27474.76845924004,B0Ia
Ross 154,9.413783915695813,-2.891393672737218,0.26034868624042784,2804.3499435240997,M3.5V
Mira,417.5442981212012,8695.33991203142,370.05767686414055,2869.736447816347,M7IIIe
Mira,418.3989107239932,8701.315925356654,370.02181131085007,2927.0002962848403,M7IIIe
Rigil Kentaurus,4.258882694615686,0.15109681155119392,1.3039187708568605,5827.880077949218,G2V
Altair,16.5633005475685,7.297870303573438,1.6766109906548052,7519.007803232365,A7V
Altair,16.304756370563133,9.844031209497734,1.6702643739447949,7595.464571279732,A7V
Alpha Centauri B,4.416944668599744,5.437406368831601,0.7814865117291615,5309.16792907,K1V
Barnard's Star,6.00647519555047,4.339780518389593,0.14748022924353998,3087.59947084936,M4Ve
Acrux,321.1664335654021,24997.62427883933,8.369295055678041,28042.452109462603,B0.5IV
Achernar,144.0426282760542,3149.5847166204003,9.296361656350818,15042.352316612354,B6Vep
Hadar,349.64750946004904,50001.30848857186,8.935823479319179,24970.52644639602,B1III
Arcturus,37.06384846154293,170.0454143979509,25.365565320886823,4287.666024064305,K1.5III
Barnard's Star,6.260851555777831,4.2615291791448895,0.13747389922746123,3145.5643427298896,M4Ve
Fomalhaut,25.11565259218312,15.593328911780318,1.8895643475157593,8627.32592216615,A3V
Alnilam,1999.772368135856,53703.811722428116,32.33022315461439,27521.38144228824,B0Ia
Wolf 359,7.582497882510385,-1.5632476218580127,0.08468250239819325,2779.714321931838,M6V
Barnard's Star,6.450229446881884,-2.18689689184772,0.1975531962534991,3129.461198007409,M4Ve
Rigel,860.1545306223537,120004.13495106822,78.8606542863585,12054.800080636292,B8Ia
Vega,24.905127460760955,43.18165538748461,2.4431624121084563,9643.409478794498,A0V
Alnilam,1999.6818716533849,53700.100064197555,32.38561166851854,27531.156640075733,B0Ia
Procyon,10.901203554984239,10.449552952648414,1.964464506692388,6509.1975557905225,F5IV-V
Fomalhaut,24.843117080136953,21.436023244445632,1.8758857975904695,8630.935241492118,A3V
Ross 154,9.395163970336052,-2.197465144382473,0.21193018974631786,2842.2669877441795,M3.5V
Antares,550.1496804937102,10004.657720081826,679.9174283014403,3454.7264921717583,M1.5Iab
Hadar,349.77510792216157,50004.78063934145,9.081576314653484,25041.212161908214,B1III
Altair,16.37496066970492,12.09829147440001,1.7019959923743562,7534.106668785498,A7V
Acrux,320.7411078477193,25004.514480134185,8.477723800201261,28029.389208052286,B0.5IV
Barnard's Star,5.617672919304961,-1.2413399237183214,0.1356375379905401,3178.000040613115,M4Ve
Spica,250.15638901295986,21995.941108441966,7.475743207321835,25414.30599441595,B1III-IV
Aldebaran,64.61409509358059,518.6712000572877,44.100220204171734,3958.8680826103705,K5III
Canopus,310.2130102878391,10504.654048072583,71.07894930007686,7379.148590519233,A9II
Ross 154,9.620779679219527,4.204083163586541,0.10109845734577672,2832.573702541216,M3.5V
Fomalhaut,24.88012046688512,21.01584823433142,1.8795552591453484,8583.60227860466,A3V
Altair,16.93853726095821,13.80452322428447,1.570032145800845,7573.295668388958,A7V
Barnard's Star,5.702119231490174,3.219268580719352,0.2660142176131456,3098.7266249750223,M4Ve
Antares,550.15747463314,10004.598266981333,680.0689642449811,3512.261757514086,M1.5Iab
Altair,16.738703832546104,12.635282043125049,1.60414075684068,7547.966393001522,A7V
Canopus,310.48390031214797,10504.519240373209,71.03402804245088,7325.974670766734,A9II
Polaris,322.66831382848295,2196.0992646991313,37.4552240516604,6060.406407380209,F7Ib
Aldebaran,65.47022713417984,515.9542990912557,44.12764592405856,3893.0143990576466,K5III
Spica,250.08854976539027,22001.578767457122,7.414209442660478,25366.445174691453,B1III-IV
Arcturus,36.201805732854424,174.7332915546677,25.441499743098746,4248.408030847584,K1.5III
Aldebaran,65.40799412250136,519.5755247353721,44.15412909069042,3918.9688260663343,K5III
Rigil Kentaurus,3.878440741323109,6.022386273451476,1.3197646992703684,5820.648373206649,G2V
Altair,17.19019344606041,10.378557473919681,1.6290226128685181,7544.3574372605435,A7V
Capella,42.601051224886014,80.55609974454067,12.083935912969388,4917.89083875077,G8III
Hadar,350.0482509324234,50003.86564599455,8.932386986597969,24972.701938014114,B1III
Canopus,309.59630094036703,10504.380309759488,70.9827132261566,7351.883170833618,A9II
Canopus,310.4362927684538,10499.900137740964,71.01185563957658,7347.0506407299135,A9II
Deneb,2600.1549731280975,196000.6019332607,203.0741494173092,8542.391046665773,A2Ia
Regulus,79.25123296644107,284.6113183408361,3.0640541856428465,12509.174094134512,B7V
Altair,16.652395810820618,13.76552132295723,1.6958658200385244,7524.274006888235,A7V
Lalande 21185,8.080258523322932,1.8038499721446757,0.3969354609839206,3411.065504109538,M2.1V
Antares,549.7495418978335,10003.242024216936,679.9228252871035,3475.843044583647,M1.5Iab
Procyon,11.652618800686213,10.356550330420028,2.0083135703070116,6506.392447223969,F5IV-V
Rigil Kentaurus,4.453129603173108,5.091762720240075,1.2355169652704114,5747.726483412773,G2V
Bellatrix,240.4175407764292,6401.369851611912,5.825240279295632,22560.290030046803,B2III
Capella,42.86175604553599,82.12800808127493,12.001168562413225,4977.929659601225,G8III
Bellatrix,239.83034161607173,6403.880675893539,5.653185314768504,22577.579583431743,B2III
Arcturus,36.55163108724785,167.96548996936522,25.37445361647329,4276.636208120183,K1.5III
Arcturus,36.24521475154246,171.06523787104854,25.472991357926276,4302.672551181282,K1.5III
Fomalhaut,24.987398402267782,16.74259464502824,1.8140570759654286,8589.47114397441,A3V
Procyon,11.27128784093913,8.557845789578323,2.124490517134602,6562.591621685544,F5IV-V
Mira,418.1733391023294,8695.589846031997,369.92632017029786,2946.8793696961584,M7IIIe
Barnard's Star,6.145792735966175,-0.9684916387749309,0.17181750237319438,3103.3844422534357,M4Ve
Ross 154,9.694723071221121,0.23225073430305138,0.203383332137128,2787.4460236246564,M3.5V
Spica,249.96142719523124,22000.294090577478,7.36264583680692,25352.103798765987,B1III-IV
Betelgeuse,642.2829746395311,125998.07097370525,887.0699500398044,3530.1366694495227,M2Iab
Castor,51.92513481887208,57.74910943563771,2.349011969908936,10275.188470871104,A1V
Bellatrix,240.11588978221366,6395.26517269466,5.83374013548201,22593.821568670417,B2III
Mira,418.027891124594,8704.120455744414,370.0255654712494,2891.0751547963814,M7IIIe
Alpha Centauri B,4.048885138846404,4.695039829686282,0.9492397335394827,5213.857078948171,K1V
Bellatrix,240.49816951913863,6397.660532171655,5.730954914739205,22639.051133471075,B2III
Ross 154,9.323389346236949,4.995794616096258,0.18334509752705908,2775.2989538036636,M3.5V
Betelgeuse,642.9649766370246,125999.82301556024,887.0979364514885,3504.3350172796913,M2Iab
Ross 154,10.01828345662197,-4.25830044406204,0.13628988553632382,2823.523215533399,M3.5V
Rigel,860.3803983161446,120004.72283034294,78.82018398856654,12100.438814515885,B8Ia
Betelgeuse,642.3397970219621,125999.46554318475,887.081956248057,3541.5394048862668,M2Iab
Rigel,860.203922875534,119996.4155145593,78.87669661220816,12055.656446810095,B8Ia
Regulus,78.53223893334071,290.753427669009,3.136862623424212,12443.071441715329,B7V
Ross 154,10.175313678033959,2.325660828881204,0.21689024523526124,2777.231536042371,M3.5V
Procyon,11.462361693741704,9.344709778320805,1.9525975942032046,6491.439308386985,F5IV-V
Hadar,349.67138194692,49995.77634359074,9.055189649808424,24996.604714648234,B1III
Altair,16.427968131235406,7.07921158123882,1.6177446982874082,7507.670927457083,A7V
Mira,417.7473616627305,8699.858562700023,370.023915277761,2893.530511176531,M7IIIe
Sirius,8.441644923384983,28.842977654972252,1.7321340809915053,9904.135843415539,A1V
Fomalhaut,25.302837879907862,16.57558732704546,1.7777299084901526,8593.340445848311,A3V
Wolf 359,8.201477766291974,-2.54824077781722,0.1864536412152862,2798.074278401116,M6V
Achernar,144.3182802277197,3146.480170764414,9.27999260361189,14958.360315310432,B6Vep
Capella,42.66974559185838,78.78259516215284,12.086628584613813,4916.61652489648,G8III
Vega,24.75073833045015,38.18906551332613,2.444695198270377,9565.248166881567,A0V
Deneb,2599.9603466154435,196004.3424013923,202.91890429889867,8570.918996413824,A2Ia
Ross 154,9.958709975740943,-3.8029930871625424,0.25963073001395726,2831.330101601942,M3.5V
Betelgeuse,642.6428013612522,126000.70393546818,887.038310180379,3465.6798574641743,M2Iab
Altair,16.79957336533521,11.204367428023975,1.551883163732196,7584.109813177932,A7V
Arcturus,37.061491278377275,171.08994172322014,25.388762785497054,4317.534265905345,K1.5III
Ross 154,9.338424894825856,-3.1054206734561505,0.2037275811208312,2791.879820379679,M3.5V
Achernar,144.2578184530899,3147.1222148999486,9.219363135213808,15004.851529514077,B6Vep
Ross 154,9.6890022970437,0.6618484621567702,0.1717221080301523,2776.494430453399,M3.5V
Hadar,350.39958330018277,50002.19425747596,8.971351243480997,24982.90241909227,B1III
Hadar,350.4252257682298,49996.40808398428,8.909946496696577,25040.24037543401,B1III
Ross 154,9.343641962410091,1.1161883918936018,0.1697888884849568,2842.8916555993164,M3.5V
Polaris,322.8440108934349,2199.089387691352,37.46689922695562,6046.631277560694,F7Ib
Betelgeuse,642.5944222595335,126001.85035674136,886.9907022445946,3477.294014444043,M2Iab
Castor,52.16408562397163,52.94281733759341,2.43893958684956,10266.745885879896,A1V
Polaris,323.0169808270724,2195.186971182001,37.59925970521094,6050.625462057052,F7Ib
Achernar,144.19189867653805,3153.3756737430845,9.190603416046434,15020.470409544698,B6Vep
Alnilam,2000.4282349640357,53700.31332169274,32.46273502957565,27544.092507267513,B0Ia
Capella,43.20824019631963,74.82324607778462,11.936028986577934,4958.827123576126,G8III
Mira,417.66357675406744,8700.068256603763,369.93195867813347,2890.9614796355236,M7IIIe
Canopus,310.4345692965066,10500.98757952869,71.08703647661739,7377.625841273283,A9II
Achernar,143.62996068798947,3154.434596715594,9.195174942470567,14969.687240263747,B6Vep
Castor,51.71719885193044,59.27555252752218,2.3098516603102723,10307.441978064015,A1V
Spica,249.81724035555638,22002.81493518628,7.376620311387307,25446.0823523032,B1III-IV
Hadar,349.9788637308732,50001.5153382736,9.083821056935266,24994.194604798136,B1III
Acrux,320.7317413396748,25000.378673015985,8.376762587797739,28036.07557496071,B0.5IV
Sirius,8.217525695491645,21.290729913681044,1.7889816994864702,9962.816458916797,A1V
Rigil Kentaurus,4.367149037495067,-2.702274636517478,1.1278798822075493,5780.201471720773,G2V
Betelgeuse,642.7547888998598,126004.90781506641,887.0573491617093,3476.8994046145294,M2Iab
Castor,51.69175345874459,57.72693991417189,2.4478353989623547,10281.56309566833,A1V
Mira,418.10374930422336,8698.967657743355,370.06505605278187,2874.881539218159,M7IIIe
Sirius,8.514812239311194,27.29089566573881,1.652647638799747,9969.816067195901,A1V
Vega,24.869127463113156,43.204179984989,2.2835895991099027,9607.604869049528,A0V
Achernar,143.62812373331911,3147.519402614194,9.191147525200837,15023.398629349866,B6Vep
Altair,16.865327747799885,14.955319493691704,1.6548262856677256,7575.545065897934,A7V
Polaris,322.9494783167867,2202.0033277855146,37.48292311916111,5984.444343601622,F7Ib
Rigil Kentaurus,4.117935511045086,2.757813672726318,1.2937921481463304,5788.769114750748,G2V
Altair,16.28254828170139,12.877132083863422,1.644210045470566,7570.265230089273,A7V
Barnard's Star,6.036902451485217,1.224626677565773,0.21198367409015023,3142.0110438218135,M4Ve
Polaris,322.96013716898085,2203.512057055408,37.57026948675216,6029.833651811472,F7Ib
Vega,25.224131593103422,45.0166194805538,2.388746056315712,9587.638032944775,A0V
Barnard's Star,6.213758808682438,-0.12394387343218578,0.10145458604760314,3165.864693253415,M4Ve
Mira,418.4812503161386,8698.01996291219,370.0509724752987,2942.3260270232745,M7IIIe
Arcturus,36.200295183387695,166.1544445734457,25.306280133253583,4268.512939873438,K1.5III
Castor,51.70958451784467,56.46782683458471,2.347139645721716,10316.38512335867,A1V
Aldebaran,65.02609193401285,517.3793363363512,44.18758078494204,3957.570031856471,K5III
Vega,24.563347691310778,44.60627511934049,2.401900913735243,9643.406190738913,A0V
Rigel,859.5517800045906,120002.14531240135,78.89279917967544,12085.345084429657,B8Ia
Barnard's Star,6.35870919542279,-1.2840939008158352,0.10759501316461217,3153.8260425106946,M4Ve
Deneb,2599.585898833314,195996.36536262257,202.9196724424709,8488.600716520197,A2Ia
Betelgeuse,642.7994618404347,126003.92358533299,886.9401128838214,3539.286982736836,M2Iab
Altair,16.586513640803055,10.000669193136112,1.6084090606106165,7585.266686686432,A7V
Spica,250.47669935243394,21996.342337509686,7.344682975230628,25409.571306663907,B1III-IV
Ross 154,9.420865497366739,-2.1016283109970986,0.2655907792418205,2791.6051488885696,M3.5V
Regulus,79.22183035219693,284.01315760447636,3.1487905306547903,12462.658099346727,B7V
Fomalhaut,24.59512350793306,15.016026009991702,1.8112492365103927,8548.342664548874,A3V
Alnilam,2000.2993114511182,53701.62960708246,32.36720893475078,27516.762234862374,B0Ia
Deneb,2600.041523441383,196002.04752224215,203.05889922405453,8526.202509288612,A2Ia
Polaris,323.17960144669274,2201.6145592702355,37.507793416339844,6010.871921511619,F7Ib
Achernar,144.28801530852505,3147.7105681972444,9.168823431212418,15010.583530211014,B6Vep
Sirius,8.294591987099164,21.835288048407183,1.711812404046795,9985.973819046825,A1V
Rigel,860.1589940381065,119998.58199670307,78.9076767992332,12134.595219353163,B8Ia
Fomalhaut,25.023792942363187,18.722897335306822,1.7973320531792463,8610.627278334628,A3V
Regulus,78.7038439341687,289.64944522566566,3.2179018430622066,12411.895586802231,B7V
Sirius,8.165437979968027,29.994667372009317,1.6562709828231825,9980.82023330545,A1V
Barnard's Star,6.180499325090577,0.552561765814839,0.25431549912816764,3177.86161038409,M4Ve
Mira,417.6039056772467,8702.813860527409,370.03680605242215,2939.513730202739,M7IIIe
Rigil Kentaurus,4.268672294663512,6.221478664884197,1.1443512574950072,5795.595953531607,G2V
Antares,549.5110445555379,9997.044095222524,680.0163575557061,3494.0726115607513,M1.5Iab
Rigil Kentaurus,4.763026573907034,0.2644097525168283,1.1665260036299694,5811.4839403268425,G2V
Sirius,8.450983252622061,22.57276367080033,1.6988894628307967,9956.88228122458,A1V
Arcturus,36.90817729219896,174.5022470890357,25.434310203099425,4250.541509306832,K1.5III
Antares,550.3257829728522,10000.229128287727,680.0786257942112,3514.785476299065,M1.5Iab
Procyon,11.856853389499038,4.084635008945639,1.9804040224558817,6490.62994930066,F5IV-V
Sirius,8.696116019165396,26.458827123826993,1.7755826045361067,9989.222846679533,A1V
Alnilam,1999.771262670854,53699.79694685788,32.46758585918102,27466.691841661253,B0Ia
Mira,417.9030258925673,8698.681150673214,370.0603742887138,2896.357311201763,M7IIIe
Alnilam,1999.847160965611,53701.72775373246,32.30838386332203,27472.86826246571,B0Ia
Altair,16.84594097685513,8.305906773624343,1.7279546128272603,7596.955799920304,A7V
Altair,16.259098046844812,13.846836314385401,1.6249264589761316,7503.198695157891,A7V
Ross 154,9.54230139060007,2.1886629377110567,0.16376265777572935,2758.9153166919705,M3.5V
Rigil Kentaurus,4.47272804209522,4.099368934735667,1.1900459430960029,5754.412169044086,G2V
Antares,549.6919169775477,9996.300622803004,679.9247293617029,3477.3216641912486,M1.5Iab
Hadar,350.25905864555745,50001.20894607176,9.09698356608045,24974.389499648816,B1III
Antares,549.5976615005139,10004.217631330948,679.9713928011518,3464.6861674704955,M1.5Iab
Arcturus,36.631716763839854,165.74366585402294,25.41254994849308,4256.012925654343,K1.5III
Mira,418.2024794852146,8695.237868855855,370.050055956344,2949.59843529128,M7IIIe
Vega,25.30909291443033,42.20864976295121,2.4550101820189787,9620.982140996646,A0V
Castor,52.05461972836282,50.973167617405885,2.457977646129815,10272.829180232311,A1V
Vega,24.975018144839115,36.15927611791007,2.305460335409602,9600.06813602514,A0V
Regulus,79.03647559318077,283.8012330687599,3.0518390779373137,12425.653569355301,B7V
Castor,52.131041124741245,52.029091298701935,2.355537695191454,10309.551524443877,A1V
Procyon,11.71537044507152,4.204794097541385,2.1183555303474164,6498.60808011053,F5IV-V
Barnard's Star,6.065584934966928,-2.2458142045094536,0.14577876449270155,3166.076888493488,M4Ve
Achernar,144.30522567719555,3150.6838617989415,9.11989536073935,15020.46748379989,B6Vep
Bellatrix,240.355324424342,6402.769654543594,5.664436824334797,22635.110314017613,B2III
Canopus,310.41086000460473,10504.27406349011,71.08017097291058,7371.569156844817,A9II
Alnilam,2000.019834141603,53700.34763389309,32.44125257800921,27532.707139201575,B0Ia
Polaris,323.46676302972094,2201.568275855691,37.453193958262325,5966.955999982434,F7Ib
Ross 154,9.394693710190698,4.825136716868186,0.10027334445352819,2810.4327322043414,M3.5V
Achernar,144.12082466595672,3146.6213001471715,9.198703848496667,15019.011484330236,B6Vep
Achernar,143.94387870463663,3150.9412614052767,9.123318610805486,14980.02388117685,B6Vep
Mira,417.9005443831684,8702.202833665075,369.98871645048825,2957.7497631264423,M7IIIe
Betelgeuse,642.4543021202028,125995.41518186204,886.9390482980857,3514.540516537663,M2Iab
Bellatrix,240.0939753540742,6395.94572852049,5.830344564907593,22584.641409450516,B2III
Fomalhaut,25.057041949883782,17.721002225949256,1.8805468809345394,8583.876872899857,A3V
Achernar,144.37545652663016,3153.991524139571,9.194132132397257,15023.277967810523,B6Vep
Sirius,8.125496220548296,29.618483550540468,1.8024111349156222,9930.55013099281,A1V
Altair,17.02245126935604,8.864437316819597,1.6001508112184524,7574.193194719991,A7V
Wolf 359,7.281173811634308,4.649196811314523,0.18195227366180997,2750.18316322717,M6V
Sirius,8.131880808724219,23.77685282217612,1.7400088801299618,9937.970585826915,A1V
Castor,52.457966963372506,51.98803266275879,2.3660644430248006,10289.050138459937,A1V
Procyon,11.717346818680609,7.10025729213628,1.9959549703376542,6522.2839614907125,F5IV-V
Aldebaran,65.18136662184412,514.8148240807491,44.26826995770899,3948.2706417904647,K5III
Spica,249.68138707151607,21998.184803287884,7.43391918021423,25354.760298288707,B1III-IV
Antares,549.9795888740322,10001.091527688566,679.9839995249637,3489.316857387088,M1.5Iab
Sirius,8.417698116123512,29.61806382751717,1.6747498195930721,9890.83084583004,A1V
Wolf 359,7.3425435958137015,3.936431623279447,0.16797910146953993,2775.3254504305974,M6V
Canopus,309.87474133180893,10501.168802287524,71.05254781057803,7315.094835217025,A9II
Altair,16.23721181862846,12.344819495591512,1.660459279450591,7563.900534441985,A7V
Spica,249.85189898596667,21995.883722726554,7.315706064581375,25437.27143446986,B1III-IV
Altair,16.48246411572928,9.747816453214007,1.5898613302591984,7580.672464444846,A7V
Sirius,8.99668874623692,23.052795889147824,1.7613141304444038,9938.687704572661,A1V
Deneb,2600.396323397126,196001.2712595682,202.9110234905431,8502.129769951209,A2Ia
Canopus,309.6236031075072,10504.088259861765,70.96284026608309,7369.328055710798,A9II
Canopus,310.48243578628234,10497.8382083774,71.05605490742369,7322.452016967692,A9II
Alnilam,2000.087785793082,53696.046871616774,32.35610548158136,27535.46638482365,B0Ia
Ross 154,9.73233499796961,-0.13663950403117603,0.12277645023766373,2818.8336041134403,M3.5V
Castor,51.65789051774216,53.5483598096434,2.3737855898364355,10280.627339336314,A1V
Altair,16.693808179094987,5.862808829513872,1.6777831084621908,7515.8746213954055,A7V
Sirius,8.609892014115287,21.8857341790593,1.6236436341523155,9942.70660868217,A1V
Ross 154,9.665675716938939,-0.5758550149259771,0.13181005608214225,2783.696263983179,M3.5V
Deneb,2599.8786371463316,196000.73776624582,203.05299059081196,8502.720545412836,A2Ia
Achernar,144.12897129708412,3151.110905749236,9.144653143354631,14985.780636856558,B6Vep
Fomalhaut,24.506784896336363,16.135837070261726,1.7578164707678812,8590.7475373563,A3V
Alpha Centauri B,3.9584080451775816,-3.297187675128017,0.9212616532498983,5251.736584055901,K1V
Altair,16.815484644936603,11.676240801306767,1.5904287598953877,7586.739011976568,A7V
Acrux,321.3696466801406,24996.39015491464,8.431677577754863,28034.701060407544,B0.5IV
Fomalhaut,24.674402107140626,13.7039415589256,1.8328955986084499,8579.788756432894,A3V
Capella,42.93959400923444,82.8004754713212,12.011054177197959,4958.711607051215,G8III
Fomalhaut,24.579087741348822,13.958971109418881,1.7501833502327868,8613.571139982218,A3V
Regulus,79.26907248189737,288.3480381307577,3.203960431680202,12424.918660191894,B7V
Altair,16.384894337466907,8.298347815555948,1.7139575471199628,7507.620707220983,A7V
Betelgeuse,642.0286903282115,126002.66983139454,887.0641843518598,3545.1863123922676,M2Iab
Bellatrix,239.8539329933873,6397.123276113184,5.6646857858763555,22643.410634331743,B2III
Capella,43.168855975372594,78.99888567363215,11.914870285381053,4978.067407478519,G8III
Wolf 359,8.045698163666097,-4.932927078405668,0.14161913177165814,2758.7365179403314,M6V
Canopus,309.91561703948685,10499.655074189855,71.05051087782758,7352.150184817104,A9II
Alnilam,2000.138809353711,53697.570906096975,32.40561791900349,27518.18088037686,B0Ia
Mira,418.32320166950245,8701.197585745507,369.93011903077894,2891.915304894586,M7IIIe
Barnard's Star,6.1037262692147225,3.443943758367646,0.2339368014597999,3142.564884230803,M4Ve
Deneb,2600.2955537000526,195995.58873204212,202.95055105842096,8541.01760007444,A2Ia
Alnilam,1999.8175025097764,53704.09858897733,32.402136824226595,27510.32322365626,B0Ia
Spica,249.69579540727176,22004.5128505599,7.470181342699604,25379.48379071817,B1III-IV
Hadar,349.9815410499482,49995.77038141611,9.076066040945259,24982.96274919662,B1III
Castor,52.32699048051961,53.420925001184415,2.437078585961774,10297.115157355915,A1V
Ross 154,9.503661197267439,3.220604016862652,0.2288843648308101,2822.1954308408585,M3.5V
Mira,418.14707601742595,8703.371448664344,369.9868826183402,2867.748412919107,M7IIIe
Alnilam,1999.7698305372085,53702.0634950232,32.45686910732605,27547.044790247517,B0Ia
Betelgeuse,642.2428428824071,126002.01938722763,887.0221546973036,3529.268836149946,M2Iab
Barnard's Star,6.178068736680354,-3.2113888363806904,0.21951803717127363,3090.3390397328903,M4Ve
Lalande 21185,8.172252612662689,-1.028153800053883,0.3384603857531662,3375.3820084864246,M2.1V
Wolf 359,7.844657382582614,4.371104753943822,0.18670348951585247,2753.9277386177027,M6V
Altair,16.720463318238917,13.65940052736991,1.5430356061501627,7550.999958128935,A7V
Betelgeuse,642.1508982777278,125999.93767974032,887.0378795375067,3477.7581326392396,M2Iab
Spica,250.01953470530412,22000.26467615668,7.475964613182765,25379.910058484376,B1III-IV
Ross 154,9.25339808628094,0.036706867156804324,0.17652201100689272,2842.689311652104,M3.5V
Capella,42.58145468080607,74.5898698350332,12.032243019462545,4931.267519994569,G8III
Hadar,349.6886337761157,49995.749619117036,8.910999597918133,24967.945311684325,B1III
Alnilam,2000.3439769385386,53698.49121410144,32.46869841130035,27471.89447939077,B0Ia
Ross 154,9.540019221183611,-3.391033640909636,0.1861570500555818,2802.981438562782,M3.5V
Lalande 21185,8.728312637512095,3.9489165851514327,0.4112335190191624,3424.255245200203,M2.1V
Arcturus,36.88591656890159,174.47262087336912,25.326254958607212,4281.808090819703,K1.5III
Castor,51.57416859712489,53.77756011373539,2.387367884736203,10317.4243706405,A1V
Castor,52.008251054307145,57.401302147549586,2.4089978300984596,10314.745550007337,A1V
Rigil Kentaurus,4.426806628560027,-1.4618778575732707,1.2744721164642068,5779.562644917379,G2V
Mira,417.540276775724,8704.173393016803,369.92211980166724,2918.022650902731,M7IIIe
Altair,16.775942941441293,10.10010584380826,1.5444472033269074,7558.441651327932,A7V
Polaris,322.62947492209986,2197.7574673579934,37.505780269671966,5995.9036513716665,F7Ib
Castor,51.630997393351066,51.875004243619685,2.342184329683412,10274.638211687447,A1V
Ross 154,10.043819467396546,-4.321045206678933,0.197416923321287,2782.787399839951,M3.5V
Castor,52.201794739444864,50.44141160659301,2.4282526515634872,10341.330728581563,A1V
Alnilam,1999.8175408088105,53695.258770385415,32.47725481222176,27488.06800739985,B0Ia
Canopus,310.44468131175495,10496.030199977424,70.99730155189135,7354.889587745839,A9II
Sirius,8.786491000164645,21.657048252464076,1.7044749078699848,9933.824285410792,A1V
Canopus,310.4335412085039,10504.63622854095,70.99838507231725,7309.979472382426,A9II
Vega,25.424516219453206,39.769433629724084,2.4182676711303106,9611.083008168196,A0V
Sirius,8.52608695906616,23.937961722565305,1.723719605227032,9907.795585729282,A1V
Polaris,322.9599285464444,2204.3731029077067,37.54252649440859,6026.416076232229,F7Ib
Capella,42.88148825879285,81.66897522329074,11.979603009407757,4897.291754840095,G8III
Antares,550.2150054467941,10001.124556352737,680.0174917738268,3483.3372105663907,M1.5Iab
Regulus,79.18589591612577,291.23101596438744,3.1228520908675015,12504.48269494128,B7V
Alpha Centauri B,4.3968645150592645,3.150212948153516,0.7855091128785929,5260.158510468461,K1V
Canopus,309.6647970437859,10503.548509647142,71.00155455588713,7360.543323526215,A9II
Altair,16.68375873060525,7.394938938729514,1.711416854356158,7546.0394407030835,A7V
Rigil Kentaurus,4.105156452641697,5.414415558348379,1.2857885445709951,5799.379142495786,G2V
Alnilam,2000.3702369025798,53695.108957947356,32.37604999388101,27534.090269013206,B0Ia
Canopus,309.92408716748804,10499.8550745283,70.95195914765361,7360.486229849605,A9II
Canopus,310.1097294620209,10502.148872748416,71.0322091487245,7370.643334257277,A9II
Hadar,349.625907898617,49995.52830393315,9.081673236636975,24998.83324237804,B1III
Alnilam,2000.4460408974742,53698.854158422546,32.39278486850108,27511.59449014505,B0Ia
Deneb,2599.6979557308987,195995.0992175819,203.01060296352694,8527.764168916607,A2Ia
Altair,16.474888428566707,7.834658999592028,1.6389668348850974,7545.921513832263,A7V
Acrux,321.457318249747,24999.57439378584,8.482459146978215,27967.66144582767,B0.5IV
Procyon,11.519994192475885,9.101577122041768,2.009341157544421,6484.687330914862,F5IV-V
Spica,249.73242975661938,21997.98059477522,7.464590495208748,25401.660996875093,B1III-IV
Rigil Kentaurus,3.9157177266609406,2.729758830183819,1.3145897006685279,5822.170978801114,G2V
Capella,42.40535655093325,73.79446502380395,12.048231077918146,4964.061857054726,G8III
Antares,549.9015809654044,10000.569394629441,680.0400647264704,3513.3180132938974,M1.5Iab
Rigil Kentaurus,4.267358434464539,3.343284346674393,1.2319002782029658,5786.671616375054,G2V
Bellatrix,239.93656975922684,6397.114822384684,5.811521539250009,22556.547471136837,B2III
Capella,42.94182808506701,80.73590843810881,12.067925196745186,4929.859437580991,G8III
Acrux,320.5286601685961,25004.963250979177,8.304098489208993,28028.48279908378,B0.5IV
Barnard's Star,6.378422052335232,1.5172684861294066,0.12501017932776898,3100.021583618778,M4Ve
Rigel,859.7391892037019,120001.17653277425,78.88565018109219,12115.329269984008,B8Ia
Altair,16.964525968063487,14.701676306464835,1.6274152182163095,7518.945065616684,A7V
Rigel,860.2515676737628,119995.55867207545,78.93150936087208,12072.474772341315,B8Ia
Acrux,320.5295666259734,25002.57473766397,8.394867761464171,27960.76695110712,B0.5IV
Regulus,78.7031566878579,292.2930937776625,3.148963428439032,12461.997325664423,B7V
Regulus,79.2976565838651,290.70024983213216,3.041486049514461,12474.700386432494,B7V
Canopus,309.7469731020621,10499.697004945498,70.93042410447167,7349.441517991896,A9II
Bellatrix,239.62482417096467,6403.603918761972,5.839515611968588,22636.26995306118,B2III
Regulus,79.08867706312137,291.10560374811564,3.130152042623166,12497.892594780458,B7V
Altair,17.142746638457286,6.884995985017756,1.5788215885170005,7513.945194498599,A7V
Capella,43.32463110238659,81.9754180341863,12.071053341137814,4949.377973773141,G8III
Rigel,860.1419899425256,119995.89640814654,78.8025657673106,12110.136426804222,B8Ia
Hadar,349.97949588756546,50003.56016712869,9.08813244926153,25014.000325342575,B1III
Ross 154,9.404553220913916,-3.867373936810584,0.14587737603167075,2796.7281003474714,M3.5V
Fomalhaut,25.35547709191822,13.00282551613866,1.8930566958371888,8618.813384063416,A3V
Arcturus,36.982286233375945,173.085282002199,25.380949927424062,4289.865959355165,K1.5III
Ross 154,9.423694155811315,-4.657914346992305,0.1859237379345144,2795.8992910559946,M3.5V
Arcturus,37.001402789128804,172.842832715623,25.315570628253187,4249.884918928173,K1.5III
Fomalhaut,24.878075095256886,17.6590827182039,1.9098870191442743,8591.96683545127,A3V
Barnard's Star,5.628109879472458,-0.6037036495492716,0.1625247037040758,3183.0860188875836,M4Ve
Altair,17.15840501478534,7.948793884207701,1.6856851253944578,7547.195801781259,A7V
Regulus,78.57997164692497,289.3498810069176,3.1299823397283855,12432.518477392956,B7V
Canopus,309.79894282933685,10497.145990895167,71.09424888312614,7345.4502213525075,A9II
Capella,42.81063050433714,81.28907430396127,12.022748942603286,4957.0885962511065,G8III
Aldebaran,65.06561799990496,515.9161452954957,44.10146640607368,3958.159737052663,K5III
Achernar,143.9947292602552,3148.5608771151096,9.234108291017753,15015.002146792054,B6Vep
Arcturus,36.83263226386889,167.9528635926058,25.46378069412647,4327.684401064919,K1.5III
Bellatrix,239.83337339555473,6400.46860322045,5.793992106621911,22554.815269819006,B2III
Spica,249.6676091992805,21999.50880771162,7.397536383443229,25405.394486073717,B1III-IV
Barnard's Star,5.702693106793509,-4.366184134543582,0.12275631468671855,3177.508223083716,M4Ve
Canopus,309.70210821887525,10503.31030234475,70.92716241622037,7361.733098949267,A9II
Betelgeuse,642.6498975327032,126001.05324147755,886.9727580308341,3516.278490702142,M2Iab
Sirius,8.322247873554318,28.370754902069887,1.7712946273664132,9899.251280237186,A1V
Deneb,2599.9535579119542,195997.37731195986,203.08798443709676,8520.928914962555,A2Ia
Spica,249.5219180074977,22004.27059391161,7.410378264678557,25360.450834055307,B1III-IV
Alpha Centauri B,4.734661764734593,0.7214286156354033,0.9003572587976699,5262.821537849697,K1V
Achernar,144.44176753543127,3147.427280159967,9.248736985779704,15043.701389655529,B6Vep
Hadar,349.5488295994064,49995.84780935522,8.97618201590831,24978.367925100425,B1III
Betelgeuse,642.9972303663835,126001.97593175896,886.9746222002453,3524.018096616606,M2Iab
Fomalhaut,25.387269675813,15.87277895997164,1.8656431002512202,8601.573936205677,A3V
Antares,550.3668196570269,9996.691025435097,680.0861595410729,3489.6432831898605,M1.5Iab
Rigil Kentaurus,4.475035634017177,0.2757210086922075,1.226504787549934,5834.976699377089,G2V
Aldebaran,65.00813676993866,521.7244786179083,44.22527027389398,3944.8040882551327,K5III
Wolf 359,8.049625037667944,-4.8115986940459345,0.1239026747447862,2766.688801248895,M6V
Wolf 359,8.193452392455221,-2.3500029874210884,0.1414320226576321,2762.8062819494235,M6V
Polaris,322.9314640081101,2202.4539536291118,37.56112835239332,6062.42405904522,F7Ib
Betelgeuse,642.0106189270315,125996.39982220321,887.0351881770529,3469.2993815801715,M2Iab
Aldebaran,64.69365732542286,522.1631626285894,44.160898686119936,3940.9822432178307,K5III
Bellatrix,239.59086023679924,6399.16773375399,5.766317882271089,22587.204959100887,B2III
Rigil Kentaurus,4.379249967683409,2.0406154870872886,1.1600268689818491,5793.002083572658,G2V
Wolf 359,7.408588147182553,1.2352036190162132,0.15785804573998818,2845.898752704132,M6V
Achernar,143.7260830353571,3151.0686597665713,9.239357999516285,14989.273880147064,B6Vep
Alnilam,2000.4345492686696,53698.69091540687,32.3576935985781,27525.63189793421,B0Ia
Betelgeuse,642.8476080979914,126002.76484556652,886.9976506963349,3522.5900483929627,M2Iab
Castor,52.296788171138225,53.895187185673116,2.3101292175919568,10277.085744461123,A1V
Rigil Kentaurus,4.384779238681924,-1.3006426880404602,1.189019218423591,5824.4980843607,G2V
Procyon,11.337639813967616,6.549661020142606,2.1452893909003112,6505.351830089427,F5IV-V
Spica,250.08391615971536,21995.51832953527,7.398323409818835,25369.11067017667,B1III-IV
Vega,24.905854171943336,43.235486536521336,2.3415050019576458,9590.627166737077,A0V
Ross 154,9.389919670573615,-4.904825044713256,0.15186594861175973,2839.2519190707767,M3.5V
Barnard's Star,5.6718348599570705,4.492661755525925,0.179828146431155,3138.564205419862,M4Ve
Ross 154,9.386066440277858,3.7433482179444604,0.19743579236798048,2795.0690967234927,M3.5V
Altair,17.11637322103638,14.390175657466854,1.5978895123290324,7547.36891136891,A7V
Achernar,143.98542586931663,3149.1255196486113,9.2851196428525,15033.350023545858,B6Vep
Alpha Centauri B,4.808567597775965,3.037716850015165,0.9207197947390062,5264.445096291327,K1V
Bellatrix,239.77263433505865,6404.8043623040785,5.7502530574731,22611.937403764936,B2III
Canopus,309.9536271445739,10500.111323871244,71.02716196864583,7319.533855493223,A9II
Castor,52.3205784802262,55.15138478627919,2.4020638551848976,10313.642498461768,A1V
Arcturus,36.406178077187505,170.48340920473868,25.39302672914423,4311.564866769375,K1.5III
Castor,51.511786774568165,58.30249455419998,2.4949247676078605,10272.85859821124,A1V
Hadar,350.16977117417395,50002.60389297427,8.905495582568282,24975.362582095524,B1III
Barnard's Star,5.901894921078882,-4.630582788127063,0.21090018348012382,3155.8860822906213,M4Ve
Canopus,309.7238415784254,10503.437168869666,71.09228952861329,7317.65471454349,A9II
Betelgeuse,642.9028035649651,126002.63813670116,886.9150203828822,3484.579523595323,M2Iab
Hadar,349.75553952552616,49998.3383894348,8.914397067696036,24966.92827726474,B1III
Spica,250.255634744821,22000.37954083398,7.352382725473965,25431.214639499387,B1III-IV
Castor,51.98304877115079,50.92786348408169,2.417985940896558,10271.210235736105,A1V
Castor,51.75737010489582,57.52238849379824,2.4920779015828973,10292.92401752005,A1V
Bellatrix,240.00407319071869,6400.714790021413,5.807381329935971,22587.382026560263,B2III
Ross 154,9.496791091141016,1.316544666952884,0.20503510351196566,2788.3174096342764,M3.5V
Mira,417.5275405223786,8697.462716703521,369.99961655471003,2888.6974759473765,M7IIIe
Capella,43.341857133248425,78.46786794169049,11.98310217504998,4905.582672565238,G8III
Wolf 359,7.831985513140465,-4.99314130236977,0.2548533482826728,2775.960243956472,M6V
Aldebaran,65.18394244057998,521.8347764947245,44.1935954632952,3921.426352595788,K5III
Antares,550.0648277783677,9998.226736233071,679.9382321024549,3518.397720580831,M1.5Iab
Altair,16.517311315754984,14.705710668003098,1.540348995279041,7551.720467396224,A7V
Wolf 359,7.842217830165789,-4.305228812321653,0.22405616880392076,2805.7488391086936,M6V
Acrux,321.2232979091321,24998.437363538746,8.436242446261657,28016.765210588765,B0.5IV
Arcturus,36.77774268440709,174.12679191284548,25.324802166033347,4318.010631456625,K1.5III
Bellatrix,240.3954565777999,6403.889346672703,5.847997310190617,22633.827634442634,B2III
Altair,16.81698343653392,8.34484508306073,1.6692319773597764,7557.474773210143,A7V
Canopus,309.85946184517417,10497.374642244886,71.05702456104326,7329.792588143715,A9II
Arcturus,36.28589805029394,169.66102859243858,25.31720535709976,4271.411974908214,K1.5III
Bellatrix,239.66547315750978,6401.015853487317,5.790955517442049,22586.41259528478,B2III
Spica,250.2771634939656,21999.578519001836,7.496551669193757,25440.084674461697,B1III-IV
Procyon,11.183020782895095,11.684858374677258,2.1359560899246253,6532.364672186608,F5IV-V
Capella,43.325316068120735,79.43865609980435,12.067932379343135,4895.335752209808,G8III
Vega,24.84278806610825,44.87302213093578,2.267398407646407,9604.333176201417,A0V
Acrux,320.7563597238534,25001.43969557513,8.461657581508275,28004.31747034558,B0.5IV
Procyon,11.377881859460956,3.1619345383361317,2.1342273758060815,6533.812189342469,F5IV-V
Alpha Centauri B,3.9670753693112197,-3.8509017236860665,0.9178969395621117,5292.942797348222,K1V
Canopus,310.38085606498896,10500.157515440253,71.0379040360618,7384.192277896002,A9II
Altair,16.56786756498236,12.40258131836179,1.7124146821549155,7541.099897210852,A7V
Vega,25.009785593624624,42.61916652521285,2.2818813833402927,9628.22080590828,A0V
Barnard's Star,5.9787983279270085,2.2056294360251103,0.23891428085892485,3092.79861118838,M4Ve
Altair,16.546804536638334,11.60218007055768,1.6934309093439481,7578.471697374213,A7V
Ross 154,10.019988972108159,-0.1663578165081136,0.13158258065782635,2775.738098710297,M3.5V
Wolf 359,7.509380536781729,-4.935052823532525,0.20810934508720413,2841.8905930039778,M6V
Vega,24.803162930467373,41.495367850673475,2.38786013318031,9576.613622627168,A0V
Achernar,143.96622965338523,3150.4177861539374,9.275951222228185,14987.543585054453,B6Vep
Rigil Kentaurus,4.770200191851383,-1.162514750656564,1.2118414077332116,5768.601304291258,G2V
Altair,16.40951171231661,5.689354655912254,1.5920995590519407,7570.6134681372205,A7V
Antares,550.3810400697355,10002.393406132604,679.9207239313258,3533.7117081038605,M1.5Iab
Betelgeuse,642.9506962383331,126002.12138920804,886.9397509430192,3496.4048869047883,M2Iab
Sirius,8.153862547872297,24.17011927398116,1.6264437297161434,9984.21028478672,A1V
Procyon,11.533949262456211,10.77236733632881,2.097725912688288,6576.896042804675,F5IV-V
Ross 154,9.452177745877758,4.97274435570182,0.2634268679578863,2847.679081207114,M3.5V
Canopus,310.1036731709541,10496.109676275262,71.03399407670011,7363.545039774776,A9II
Aldebaran,64.67223541528165,518.712049240274,44.27113890209603,3880.5608200439647,K5III
Arcturus,36.906247750571204,172.01175458304988,25.400060086139366,4266.259021098308,K1.5III
Antares,549.9204623386546,9995.650236150686,680.0291187815914,3507.8845568389456,M1.5Iab
Lalande 21185,8.439597133532216,2.6433710990737387,0.4316383869316258,3365.5018448993296,M2.1V
Barnard's Star,6.187165630701091,4.956944233778123,0.1391027780853812,3145.3595033455963,M4Ve
Barnard's Star,5.621799128520018,3.7760022367690285,0.11319610617868339,3101.014047069934,M4Ve
Castor,51.71998908353143,53.15103578649683,2.321454068721126,10285.43180677566,A1V
Spica,250.40169225874862,22002.935830741622,7.418892400715696,25449.19666587807,B1III-IV
Acrux,320.8089994295918,25004.66014302425,8.301353337284787,28026.52454851035,B0.5IV
Spica,249.87806875875762,22003.593457133502,7.376203984645423,25412.12199277132,B1III-IV
Procyon,10.920471755944988,4.935287891672165,2.0737484014273155,6506.621798818398,F5IV-V
Canopus,309.78529838101207,10500.052904901882,71.02194935754189,7307.0967988732145,A9II
Altair,16.933845755838053,12.845622466715568,1.6974822956589117,7575.06541533419,A7V
Rigil Kentaurus,4.608424065033049,5.00472601467677,1.2929190926560636,5820.262364330082,G2V
Vega,24.65390624701162,41.61042724473538,2.429274022708076,9631.852917163242,A0V
Procyon,11.146881937080314,12.218862119908533,2.0247293672655777,6503.785589850387,F5IV-V
Arcturus,36.3693563748995,167.57770365212474,25.408263436517736,4290.82040736522,K1.5III
Canopus,310.35560420721504,10495.060417002824,71.02611198607457,7336.306359368458,A9II
Altair,16.70733129032844,9.554275564559855,1.5490181205144966,7517.666644153817,A7V
Hadar,350.47273331783754,50002.06465870077,8.940071689517074,25026.854869644325,B1III
Castor,51.94700108831837,51.51081940941651,2.303341519145927,10330.659987471341,A1V
Antares,549.8508372630931,10001.25706401134,680.0627912846477,3497.2764658101314,M1.5Iab
Altair,16.5028339871533,15.00853497168282,1.537143677100781,7531.390715153673,A7V
Ross 154,9.195617903458347,4.002523195559234,0.2331786819378468,2799.1300136375307,M3.5V
Capella,43.28991991209135,78.42806415411815,11.903537314056436,4891.016059207164,G8III
Castor,51.72532804583004,56.68355462603443,2.3156128851403235,10347.251771780268,A1V
Procyon,11.591330421111849,11.923795878328828,2.03384610933756,6515.942047780109,F5IV-V
Lalande 21185,8.703545490785453,3.2554514372729964,0.34371090213467714,3397.560024270192,M2.1V
Mira,417.5482494592996,8697.641481122131,370.0433728646599,2881.4840403317608,M7IIIe
Betelgeuse,642.896853479847,126004.68469642337,886.9879566164066,3511.823072543017,M2Iab
Betelgeuse,642.1716997467348,126001.69509064495,886.9888377279874,3479.277355062287,M2Iab
Lalande 21185,8.731732298435377,4.786238308759169,0.3347032306768086,3382.689040227199,M2.1V
Altair,17.15474181167015,6.975771781193093,1.5483116113750846,7537.641975099961,A7V
Vega,24.776635908276518,35.27153115019188,2.29544479238952,9616.074160949815,A0V
Mira,417.695788448091,8704.185431731014,370.0625415276317,2955.0490698875665,M7IIIe
Rigil Kentaurus,3.996321706725146,1.626551918000496,1.3046574245238987,5794.091339181414,G2V
Mira,418.47024286572923,8702.898481160859,370.0818555771332,2943.151168595254,M7IIIe
Altair,17.111919168917005,10.39101273787362,1.6095873161618377,7504.094812609862,A7V
Altair,16.874372018837036,5.998470578062234,1.5597935011539061,7561.789883494114,A7V
Deneb,2600.0030216501546,195995.4474828539,203.02756825887886,8518.964904807914,A2Ia
Rigel,860.4364002835275,120000.52031072113,78.80303528052436,12131.669640550605,B8Ia
Altair,17.12154390276971,11.776186568379096,1.635310418129086,7555.4180801050825,A7V
Barnard's Star,5.938951989691774,-3.172253923292721,0.2666876758071142,3121.980224966519,M4Ve
Wolf 359,7.455714961927049,-4.43510093589817,0.06808667694271407,2774.1483001662027,M6V
Hadar,350.3016438778805,49997.50659083093,9.070882395506349,25010.502655808556,B1III
Bellatrix,239.7632940871353,6397.02015894308,5.706311488104068,22603.548765755073,B2III
Alpha Centauri B,4.044363778891645,-4.549088213039762,0.9391905375045383,5286.304303993784,K1V
Wolf 359,8.139786203659344,3.484204727275103,0.23632401553344878,2813.6003663283495,M6V
